CSVv2;OperatingPoint, measurementType, sysType, jetFlavor, etaMin, etaMax, ptMin, ptMax, discrMin, discrMax, formula 
0, ptrel, central, 0, -2.4, 2.4, 20, 30, 0, 1, "0.95703202486038208" 
0, ptrel, central, 0, -2.4, 2.4, 30, 50, 0, 1, "0.96169400215148926" 
0, ptrel, central, 0, -2.4, 2.4, 50, 70, 0, 1, "0.96210002899169922" 
0, ptrel, central, 0, -2.4, 2.4, 70, 100, 0, 1, "0.94546699523925781" 
0, ptrel, central, 0, -2.4, 2.4, 100, 140, 0, 1, "0.93611800670623779" 
0, ptrel, central, 0, -2.4, 2.4, 140, 200, 0, 1, "0.92344897985458374" 
0, ptrel, central, 0, -2.4, 2.4, 200, 300, 0, 1, "0.88431698083877563" 
0, ptrel, central, 0, -2.4, 2.4, 300, 600, 0, 1, "0.87868297100067139" 
0, ptrel, central, 0, -2.4, 2.4, 600, 1000, 0, 1, "0.9314650297164917" 
0, ptrel, central, 0, -2.4, 2.4, 1000, 1400, 0, 1, "1.0117000341415405" 
0, ptrel, down, 0, -2.4, 2.4, 20, 30, 0, 1, "0.90975838899612427" 
0, ptrel, down, 0, -2.4, 2.4, 30, 50, 0, 1, "0.94453704357147217" 
0, ptrel, down, 0, -2.4, 2.4, 50, 70, 0, 1, "0.93164443969726562" 
0, ptrel, down, 0, -2.4, 2.4, 70, 100, 0, 1, "0.92100387811660767" 
0, ptrel, down, 0, -2.4, 2.4, 100, 140, 0, 1, "0.89415568113327026" 
0, ptrel, down, 0, -2.4, 2.4, 140, 200, 0, 1, "0.84859836101531982" 
0, ptrel, down, 0, -2.4, 2.4, 200, 300, 0, 1, "0.77959692478179932" 
0, ptrel, down, 0, -2.4, 2.4, 300, 600, 0, 1, "0.70198351144790649" 
0, ptrel, down, 0, -2.4, 2.4, 600, 1000, 0, 1, "0.79275298118591309" 
0, ptrel, down, 0, -2.4, 2.4, 1000, 1400, 0, 1, "0.15525704622268677" 
0, ptrel, down_bfragmentation, 0, -2.4, 2.4, 20, 30, 0, 1, "0.96972799301147461" 
0, ptrel, down_bfragmentation, 0, -2.4, 2.4, 30, 50, 0, 1, "0.96212100982666016" 
0, ptrel, down_bfragmentation, 0, -2.4, 2.4, 50, 70, 0, 1, "0.96368706226348877" 
0, ptrel, down_bfragmentation, 0, -2.4, 2.4, 70, 100, 0, 1, "0.9468349814414978" 
0, ptrel, down_bfragmentation, 0, -2.4, 2.4, 100, 140, 0, 1, "0.93537503480911255" 
0, ptrel, down_bfragmentation, 0, -2.4, 2.4, 140, 200, 0, 1, "0.92097598314285278" 
0, ptrel, down_bfragmentation, 0, -2.4, 2.4, 200, 300, 0, 1, "0.87946498394012451" 
0, ptrel, down_bfragmentation, 0, -2.4, 2.4, 300, 600, 0, 1, "0.87868297100067139" 
0, ptrel, down_bfragmentation, 0, -2.4, 2.4, 600, 1000, 0, 1, "0.91223007440567017" 
0, ptrel, down_bfragmentation, 0, -2.4, 2.4, 1000, 1400, 0, 1, "1.0117000341415405" 
0, ptrel, down_btempcorr, 0, -2.4, 2.4, 20, 30, 0, 1, "0.95792806148529053" 
0, ptrel, down_btempcorr, 0, -2.4, 2.4, 30, 50, 0, 1, "0.96011900901794434" 
0, ptrel, down_btempcorr, 0, -2.4, 2.4, 50, 70, 0, 1, "0.9586370587348938" 
0, ptrel, down_btempcorr, 0, -2.4, 2.4, 70, 100, 0, 1, "0.94050496816635132" 
0, ptrel, down_btempcorr, 0, -2.4, 2.4, 100, 140, 0, 1, "0.92831701040267944" 
0, ptrel, down_btempcorr, 0, -2.4, 2.4, 140, 200, 0, 1, "0.96225595474243164" 
0, ptrel, down_btempcorr, 0, -2.4, 2.4, 200, 300, 0, 1, "0.88431698083877563" 
0, ptrel, down_btempcorr, 0, -2.4, 2.4, 300, 600, 0, 1, "0.87868297100067139" 
0, ptrel, down_btempcorr, 0, -2.4, 2.4, 600, 1000, 0, 1, "0.90089505910873413" 
0, ptrel, down_btempcorr, 0, -2.4, 2.4, 1000, 1400, 0, 1, "1.0117000341415405" 
0, ptrel, down_cjets, 0, -2.4, 2.4, 20, 30, 0, 1, "0.9580460786819458" 
0, ptrel, down_cjets, 0, -2.4, 2.4, 30, 50, 0, 1, "0.96128702163696289" 
0, ptrel, down_cjets, 0, -2.4, 2.4, 50, 70, 0, 1, "0.96132302284240723" 
0, ptrel, down_cjets, 0, -2.4, 2.4, 70, 100, 0, 1, "0.94367301464080811" 
0, ptrel, down_cjets, 0, -2.4, 2.4, 100, 140, 0, 1, "0.93316799402236938" 
0, ptrel, down_cjets, 0, -2.4, 2.4, 140, 200, 0, 1, "0.91865599155426025" 
0, ptrel, down_cjets, 0, -2.4, 2.4, 200, 300, 0, 1, "0.87920796871185303" 
0, ptrel, down_cjets, 0, -2.4, 2.4, 300, 600, 0, 1, "0.84620600938796997" 
0, ptrel, down_cjets, 0, -2.4, 2.4, 600, 1000, 0, 1, "0.91821098327636719" 
0, ptrel, down_cjets, 0, -2.4, 2.4, 1000, 1400, 0, 1, "1.0117000341415405" 
0, ptrel, down_gluonsplitting, 0, -2.4, 2.4, 20, 30, 0, 1, "0.95713502168655396" 
0, ptrel, down_gluonsplitting, 0, -2.4, 2.4, 30, 50, 0, 1, "0.96167099475860596" 
0, ptrel, down_gluonsplitting, 0, -2.4, 2.4, 50, 70, 0, 1, "0.96303802728652954" 
0, ptrel, down_gluonsplitting, 0, -2.4, 2.4, 70, 100, 0, 1, "0.947471022605896" 
0, ptrel, down_gluonsplitting, 0, -2.4, 2.4, 100, 140, 0, 1, "0.94173097610473633" 
0, ptrel, down_gluonsplitting, 0, -2.4, 2.4, 140, 200, 0, 1, "0.93610000610351562" 
0, ptrel, down_gluonsplitting, 0, -2.4, 2.4, 200, 300, 0, 1, "0.92790597677230835" 
0, ptrel, down_gluonsplitting, 0, -2.4, 2.4, 300, 600, 0, 1, "0.92544692754745483" 
0, ptrel, down_gluonsplitting, 0, -2.4, 2.4, 600, 1000, 0, 1, "0.99403399229049683" 
0, ptrel, down_gluonsplitting, 0, -2.4, 2.4, 1000, 1400, 0, 1, "1.0117000341415405" 
0, ptrel, down_jes, 0, -2.4, 2.4, 20, 30, 0, 1, "0.96829497814178467" 
0, ptrel, down_jes, 0, -2.4, 2.4, 30, 50, 0, 1, "0.96007198095321655" 
0, ptrel, down_jes, 0, -2.4, 2.4, 50, 70, 0, 1, "0.95819807052612305" 
0, ptrel, down_jes, 0, -2.4, 2.4, 70, 100, 0, 1, "0.94359499216079712" 
0, ptrel, down_jes, 0, -2.4, 2.4, 100, 140, 0, 1, "0.93347299098968506" 
0, ptrel, down_jes, 0, -2.4, 2.4, 140, 200, 0, 1, "0.91933798789978027" 
0, ptrel, down_jes, 0, -2.4, 2.4, 200, 300, 0, 1, "0.88145899772644043" 
0, ptrel, down_jes, 0, -2.4, 2.4, 300, 600, 0, 1, "0.85071200132369995" 
0, ptrel, down_jes, 0, -2.4, 2.4, 600, 1000, 0, 1, "0.91838604211807251" 
0, ptrel, down_jes, 0, -2.4, 2.4, 1000, 1400, 0, 1, "1.0117000341415405" 
0, ptrel, down_jetaway, 0, -2.4, 2.4, 20, 30, 0, 1, "0.93484300374984741" 
0, ptrel, down_jetaway, 0, -2.4, 2.4, 30, 50, 0, 1, "0.96045303344726562" 
0, ptrel, down_jetaway, 0, -2.4, 2.4, 50, 70, 0, 1, "0.94368201494216919" 
0, ptrel, down_jetaway, 0, -2.4, 2.4, 70, 100, 0, 1, "0.938027024269104" 
0, ptrel, down_jetaway, 0, -2.4, 2.4, 100, 140, 0, 1, "0.92174297571182251" 
0, ptrel, down_jetaway, 0, -2.4, 2.4, 140, 200, 0, 1, "0.89877098798751831" 
0, ptrel, down_jetaway, 0, -2.4, 2.4, 200, 300, 0, 1, "0.83957993984222412" 
0, ptrel, down_jetaway, 0, -2.4, 2.4, 300, 600, 0, 1, "0.86721491813659668" 
0, ptrel, down_jetaway, 0, -2.4, 2.4, 600, 1000, 0, 1, "0.91235107183456421" 
0, ptrel, down_jetaway, 0, -2.4, 2.4, 1000, 1400, 0, 1, "1.0117000341415405" 
0, ptrel, down_l2c, 0, -2.4, 2.4, 20, 30, 0, 1, "0.95303398370742798" 
0, ptrel, down_l2c, 0, -2.4, 2.4, 30, 50, 0, 1, "0.96387100219726562" 
0, ptrel, down_l2c, 0, -2.4, 2.4, 50, 70, 0, 1, "0.96713101863861084" 
0, ptrel, down_l2c, 0, -2.4, 2.4, 70, 100, 0, 1, "0.95863300561904907" 
0, ptrel, down_l2c, 0, -2.4, 2.4, 100, 140, 0, 1, "0.96023702621459961" 
0, ptrel, down_l2c, 0, -2.4, 2.4, 140, 200, 0, 1, "0.96988797187805176" 
0, ptrel, down_l2c, 0, -2.4, 2.4, 200, 300, 0, 1, "0.95127999782562256" 
0, ptrel, down_l2c, 0, -2.4, 2.4, 300, 600, 0, 1, "0.95987600088119507" 
0, ptrel, down_l2c, 0, -2.4, 2.4, 600, 1000, 0, 1, "1.0022400617599487" 
0, ptrel, down_l2c, 0, -2.4, 2.4, 1000, 1400, 0, 1, "1.0117000341415405" 
0, ptrel, down_mudr, 0, -2.4, 2.4, 20, 30, 0, 1, "0.97132498025894165" 
0, ptrel, down_mudr, 0, -2.4, 2.4, 30, 50, 0, 1, "0.97411900758743286" 
0, ptrel, down_mudr, 0, -2.4, 2.4, 50, 70, 0, 1, "0.97245305776596069" 
0, ptrel, down_mudr, 0, -2.4, 2.4, 70, 100, 0, 1, "0.96106600761413574" 
0, ptrel, down_mudr, 0, -2.4, 2.4, 100, 140, 0, 1, "0.96316403150558472" 
0, ptrel, down_mudr, 0, -2.4, 2.4, 140, 200, 0, 1, "0.95499294996261597" 
0, ptrel, down_mudr, 0, -2.4, 2.4, 200, 300, 0, 1, "0.92734694480895996" 
0, ptrel, down_mudr, 0, -2.4, 2.4, 300, 600, 0, 1, "0.9416959285736084" 
0, ptrel, down_mudr, 0, -2.4, 2.4, 600, 1000, 0, 1, "1.0039300918579102" 
0, ptrel, down_mudr, 0, -2.4, 2.4, 1000, 1400, 0, 1, "1.0117000341415405" 
0, ptrel, down_mupt, 0, -2.4, 2.4, 20, 30, 0, 1, "0.92918205261230469" 
0, ptrel, down_mupt, 0, -2.4, 2.4, 30, 50, 0, 1, "0.97014898061752319" 
0, ptrel, down_mupt, 0, -2.4, 2.4, 50, 70, 0, 1, "0.97717005014419556" 
0, ptrel, down_mupt, 0, -2.4, 2.4, 70, 100, 0, 1, "0.95145100355148315" 
0, ptrel, down_mupt, 0, -2.4, 2.4, 100, 140, 0, 1, "0.94508099555969238" 
0, ptrel, down_mupt, 0, -2.4, 2.4, 140, 200, 0, 1, "0.92933696508407593" 
0, ptrel, down_mupt, 0, -2.4, 2.4, 200, 300, 0, 1, "0.90877693891525269" 
0, ptrel, down_mupt, 0, -2.4, 2.4, 300, 600, 0, 1, "0.94001591205596924" 
0, ptrel, down_mupt, 0, -2.4, 2.4, 600, 1000, 0, 1, "0.96944808959960938" 
0, ptrel, down_mupt, 0, -2.4, 2.4, 1000, 1400, 0, 1, "1.0117000341415405" 
0, ptrel, down_pileup, 0, -2.4, 2.4, 20, 30, 0, 1, "0.95159506797790527" 
0, ptrel, down_pileup, 0, -2.4, 2.4, 30, 50, 0, 1, "0.95852398872375488" 
0, ptrel, down_pileup, 0, -2.4, 2.4, 50, 70, 0, 1, "0.96147197484970093" 
0, ptrel, down_pileup, 0, -2.4, 2.4, 70, 100, 0, 1, "0.9451180100440979" 
0, ptrel, down_pileup, 0, -2.4, 2.4, 100, 140, 0, 1, "0.93415999412536621" 
0, ptrel, down_pileup, 0, -2.4, 2.4, 140, 200, 0, 1, "0.92263400554656982" 
0, ptrel, down_pileup, 0, -2.4, 2.4, 200, 300, 0, 1, "0.88407397270202637" 
0, ptrel, down_pileup, 0, -2.4, 2.4, 300, 600, 0, 1, "0.90558594465255737" 
0, ptrel, down_pileup, 0, -2.4, 2.4, 600, 1000, 0, 1, "0.93492907285690308" 
0, ptrel, down_pileup, 0, -2.4, 2.4, 1000, 1400, 0, 1, "1.0117000341415405" 
0, ptrel, down_statistic, 0, -2.4, 2.4, 20, 30, 0, 1, "0.93636554479598999" 
0, ptrel, down_statistic, 0, -2.4, 2.4, 30, 50, 0, 1, "0.95485991239547729" 
0, ptrel, down_statistic, 0, -2.4, 2.4, 50, 70, 0, 1, "0.94806063175201416" 
0, ptrel, down_statistic, 0, -2.4, 2.4, 70, 100, 0, 1, "0.93816936016082764" 
0, ptrel, down_statistic, 0, -2.4, 2.4, 100, 140, 0, 1, "0.92917501926422119" 
0, ptrel, down_statistic, 0, -2.4, 2.4, 140, 200, 0, 1, "0.91371983289718628" 
0, ptrel, down_statistic, 0, -2.4, 2.4, 200, 300, 0, 1, "0.87576740980148315" 
0, ptrel, down_statistic, 0, -2.4, 2.4, 300, 600, 0, 1, "0.76905298233032227" 
0, ptrel, down_statistic, 0, -2.4, 2.4, 600, 1000, 0, 1, "0.89153283834457397" 
0, ptrel, down_statistic, 0, -2.4, 2.4, 1000, 1400, 0, 1, "0.15525704622268677" 
0, ptrel, up, 0, -2.4, 2.4, 20, 30, 0, 1, "1.0043056011199951" 
0, ptrel, up, 0, -2.4, 2.4, 30, 50, 0, 1, "0.97885096073150635" 
0, ptrel, up, 0, -2.4, 2.4, 50, 70, 0, 1, "0.99255561828613281" 
0, ptrel, up, 0, -2.4, 2.4, 70, 100, 0, 1, "0.96993011236190796" 
0, ptrel, up, 0, -2.4, 2.4, 100, 140, 0, 1, "0.97808033227920532" 
0, ptrel, up, 0, -2.4, 2.4, 140, 200, 0, 1, "0.99829959869384766" 
0, ptrel, up, 0, -2.4, 2.4, 200, 300, 0, 1, "0.98903703689575195" 
0, ptrel, up, 0, -2.4, 2.4, 300, 600, 0, 1, "1.0553824901580811" 
0, ptrel, up, 0, -2.4, 2.4, 600, 1000, 0, 1, "1.0701770782470703" 
0, ptrel, up, 0, -2.4, 2.4, 1000, 1400, 0, 1, "1.8681430816650391" 
0, ptrel, up_bfragmentation, 0, -2.4, 2.4, 20, 30, 0, 1, "0.94433605670928955" 
0, ptrel, up_bfragmentation, 0, -2.4, 2.4, 30, 50, 0, 1, "0.96126699447631836" 
0, ptrel, up_bfragmentation, 0, -2.4, 2.4, 50, 70, 0, 1, "0.96051299571990967" 
0, ptrel, up_bfragmentation, 0, -2.4, 2.4, 70, 100, 0, 1, "0.94409900903701782" 
0, ptrel, up_bfragmentation, 0, -2.4, 2.4, 100, 140, 0, 1, "0.93686097860336304" 
0, ptrel, up_bfragmentation, 0, -2.4, 2.4, 140, 200, 0, 1, "0.9259219765663147" 
0, ptrel, up_bfragmentation, 0, -2.4, 2.4, 200, 300, 0, 1, "0.88916897773742676" 
0, ptrel, up_bfragmentation, 0, -2.4, 2.4, 300, 600, 0, 1, "0.87868297100067139" 
0, ptrel, up_bfragmentation, 0, -2.4, 2.4, 600, 1000, 0, 1, "0.95069998502731323" 
0, ptrel, up_bfragmentation, 0, -2.4, 2.4, 1000, 1400, 0, 1, "1.0117000341415405" 
0, ptrel, up_btempcorr, 0, -2.4, 2.4, 20, 30, 0, 1, "0.95613598823547363" 
0, ptrel, up_btempcorr, 0, -2.4, 2.4, 30, 50, 0, 1, "0.96326899528503418" 
0, ptrel, up_btempcorr, 0, -2.4, 2.4, 50, 70, 0, 1, "0.96556299924850464" 
0, ptrel, up_btempcorr, 0, -2.4, 2.4, 70, 100, 0, 1, "0.95042902231216431" 
0, ptrel, up_btempcorr, 0, -2.4, 2.4, 100, 140, 0, 1, "0.94391900300979614" 
0, ptrel, up_btempcorr, 0, -2.4, 2.4, 140, 200, 0, 1, "0.88464200496673584" 
0, ptrel, up_btempcorr, 0, -2.4, 2.4, 200, 300, 0, 1, "0.88431698083877563" 
0, ptrel, up_btempcorr, 0, -2.4, 2.4, 300, 600, 0, 1, "0.87868297100067139" 
0, ptrel, up_btempcorr, 0, -2.4, 2.4, 600, 1000, 0, 1, "0.96203500032424927" 
0, ptrel, up_btempcorr, 0, -2.4, 2.4, 1000, 1400, 0, 1, "1.0117000341415405" 
0, ptrel, up_cjets, 0, -2.4, 2.4, 20, 30, 0, 1, "0.95601797103881836" 
0, ptrel, up_cjets, 0, -2.4, 2.4, 30, 50, 0, 1, "0.96210098266601562" 
0, ptrel, up_cjets, 0, -2.4, 2.4, 50, 70, 0, 1, "0.96287703514099121" 
0, ptrel, up_cjets, 0, -2.4, 2.4, 70, 100, 0, 1, "0.94726097583770752" 
0, ptrel, up_cjets, 0, -2.4, 2.4, 100, 140, 0, 1, "0.9390680193901062" 
0, ptrel, up_cjets, 0, -2.4, 2.4, 140, 200, 0, 1, "0.92824196815490723" 
0, ptrel, up_cjets, 0, -2.4, 2.4, 200, 300, 0, 1, "0.88942599296569824" 
0, ptrel, up_cjets, 0, -2.4, 2.4, 300, 600, 0, 1, "0.9111599326133728" 
0, ptrel, up_cjets, 0, -2.4, 2.4, 600, 1000, 0, 1, "0.94471907615661621" 
0, ptrel, up_cjets, 0, -2.4, 2.4, 1000, 1400, 0, 1, "1.0117000341415405" 
0, ptrel, up_gluonsplitting, 0, -2.4, 2.4, 20, 30, 0, 1, "0.95692902803421021" 
0, ptrel, up_gluonsplitting, 0, -2.4, 2.4, 30, 50, 0, 1, "0.96171700954437256" 
0, ptrel, up_gluonsplitting, 0, -2.4, 2.4, 50, 70, 0, 1, "0.9611620306968689" 
0, ptrel, up_gluonsplitting, 0, -2.4, 2.4, 70, 100, 0, 1, "0.94346296787261963" 
0, ptrel, up_gluonsplitting, 0, -2.4, 2.4, 100, 140, 0, 1, "0.93050503730773926" 
0, ptrel, up_gluonsplitting, 0, -2.4, 2.4, 140, 200, 0, 1, "0.91079795360565186" 
0, ptrel, up_gluonsplitting, 0, -2.4, 2.4, 200, 300, 0, 1, "0.84072798490524292" 
0, ptrel, up_gluonsplitting, 0, -2.4, 2.4, 300, 600, 0, 1, "0.83191901445388794" 
0, ptrel, up_gluonsplitting, 0, -2.4, 2.4, 600, 1000, 0, 1, "0.86889606714248657" 
0, ptrel, up_gluonsplitting, 0, -2.4, 2.4, 1000, 1400, 0, 1, "1.0117000341415405" 
0, ptrel, up_jes, 0, -2.4, 2.4, 20, 30, 0, 1, "0.94576907157897949" 
0, ptrel, up_jes, 0, -2.4, 2.4, 30, 50, 0, 1, "0.96331602334976196" 
0, ptrel, up_jes, 0, -2.4, 2.4, 50, 70, 0, 1, "0.96600198745727539" 
0, ptrel, up_jes, 0, -2.4, 2.4, 70, 100, 0, 1, "0.94733899831771851" 
0, ptrel, up_jes, 0, -2.4, 2.4, 100, 140, 0, 1, "0.93876302242279053" 
0, ptrel, up_jes, 0, -2.4, 2.4, 140, 200, 0, 1, "0.92755997180938721" 
0, ptrel, up_jes, 0, -2.4, 2.4, 200, 300, 0, 1, "0.88717496395111084" 
0, ptrel, up_jes, 0, -2.4, 2.4, 300, 600, 0, 1, "0.90665394067764282" 
0, ptrel, up_jes, 0, -2.4, 2.4, 600, 1000, 0, 1, "0.94454401731491089" 
0, ptrel, up_jes, 0, -2.4, 2.4, 1000, 1400, 0, 1, "1.0117000341415405" 
0, ptrel, up_jetaway, 0, -2.4, 2.4, 20, 30, 0, 1, "0.97922104597091675" 
0, ptrel, up_jetaway, 0, -2.4, 2.4, 30, 50, 0, 1, "0.96293497085571289" 
0, ptrel, up_jetaway, 0, -2.4, 2.4, 50, 70, 0, 1, "0.98051804304122925" 
0, ptrel, up_jetaway, 0, -2.4, 2.4, 70, 100, 0, 1, "0.95290696620941162" 
0, ptrel, up_jetaway, 0, -2.4, 2.4, 100, 140, 0, 1, "0.95049303770065308" 
0, ptrel, up_jetaway, 0, -2.4, 2.4, 140, 200, 0, 1, "0.94812697172164917" 
0, ptrel, up_jetaway, 0, -2.4, 2.4, 200, 300, 0, 1, "0.92905402183532715" 
0, ptrel, up_jetaway, 0, -2.4, 2.4, 300, 600, 0, 1, "0.89015102386474609" 
0, ptrel, up_jetaway, 0, -2.4, 2.4, 600, 1000, 0, 1, "0.95057898759841919" 
0, ptrel, up_jetaway, 0, -2.4, 2.4, 1000, 1400, 0, 1, "1.0117000341415405" 
0, ptrel, up_l2c, 0, -2.4, 2.4, 20, 30, 0, 1, "0.96103006601333618" 
0, ptrel, up_l2c, 0, -2.4, 2.4, 30, 50, 0, 1, "0.95951700210571289" 
0, ptrel, up_l2c, 0, -2.4, 2.4, 50, 70, 0, 1, "0.9570690393447876" 
0, ptrel, up_l2c, 0, -2.4, 2.4, 70, 100, 0, 1, "0.93230098485946655" 
0, ptrel, up_l2c, 0, -2.4, 2.4, 100, 140, 0, 1, "0.91199898719787598" 
0, ptrel, up_l2c, 0, -2.4, 2.4, 140, 200, 0, 1, "0.87700998783111572" 
0, ptrel, up_l2c, 0, -2.4, 2.4, 200, 300, 0, 1, "0.81735396385192871" 
0, ptrel, up_l2c, 0, -2.4, 2.4, 300, 600, 0, 1, "0.79748994112014771" 
0, ptrel, up_l2c, 0, -2.4, 2.4, 600, 1000, 0, 1, "0.86068999767303467" 
0, ptrel, up_l2c, 0, -2.4, 2.4, 1000, 1400, 0, 1, "1.0117000341415405" 
0, ptrel, up_mudr, 0, -2.4, 2.4, 20, 30, 0, 1, "0.94273906946182251" 
0, ptrel, up_mudr, 0, -2.4, 2.4, 30, 50, 0, 1, "0.94926899671554565" 
0, ptrel, up_mudr, 0, -2.4, 2.4, 50, 70, 0, 1, "0.95174700021743774" 
0, ptrel, up_mudr, 0, -2.4, 2.4, 70, 100, 0, 1, "0.92986798286437988" 
0, ptrel, up_mudr, 0, -2.4, 2.4, 100, 140, 0, 1, "0.90907198190689087" 
0, ptrel, up_mudr, 0, -2.4, 2.4, 140, 200, 0, 1, "0.89190500974655151" 
0, ptrel, up_mudr, 0, -2.4, 2.4, 200, 300, 0, 1, "0.84128701686859131" 
0, ptrel, up_mudr, 0, -2.4, 2.4, 300, 600, 0, 1, "0.81567001342773438" 
0, ptrel, up_mudr, 0, -2.4, 2.4, 600, 1000, 0, 1, "0.85899996757507324" 
0, ptrel, up_mudr, 0, -2.4, 2.4, 1000, 1400, 0, 1, "1.0117000341415405" 
0, ptrel, up_mupt, 0, -2.4, 2.4, 20, 30, 0, 1, "0.98488199710845947" 
0, ptrel, up_mupt, 0, -2.4, 2.4, 30, 50, 0, 1, "0.95323902368545532" 
0, ptrel, up_mupt, 0, -2.4, 2.4, 50, 70, 0, 1, "0.94703000783920288" 
0, ptrel, up_mupt, 0, -2.4, 2.4, 70, 100, 0, 1, "0.93948298692703247" 
0, ptrel, up_mupt, 0, -2.4, 2.4, 100, 140, 0, 1, "0.9271550178527832" 
0, ptrel, up_mupt, 0, -2.4, 2.4, 140, 200, 0, 1, "0.91756099462509155" 
0, ptrel, up_mupt, 0, -2.4, 2.4, 200, 300, 0, 1, "0.85985702276229858" 
0, ptrel, up_mupt, 0, -2.4, 2.4, 300, 600, 0, 1, "0.81735002994537354" 
0, ptrel, up_mupt, 0, -2.4, 2.4, 600, 1000, 0, 1, "0.89348196983337402" 
0, ptrel, up_mupt, 0, -2.4, 2.4, 1000, 1400, 0, 1, "1.0117000341415405" 
0, ptrel, up_pileup, 0, -2.4, 2.4, 20, 30, 0, 1, "0.96246898174285889" 
0, ptrel, up_pileup, 0, -2.4, 2.4, 30, 50, 0, 1, "0.96486401557922363" 
0, ptrel, up_pileup, 0, -2.4, 2.4, 50, 70, 0, 1, "0.96272808313369751" 
0, ptrel, up_pileup, 0, -2.4, 2.4, 70, 100, 0, 1, "0.94581598043441772" 
0, ptrel, up_pileup, 0, -2.4, 2.4, 100, 140, 0, 1, "0.93807601928710938" 
0, ptrel, up_pileup, 0, -2.4, 2.4, 140, 200, 0, 1, "0.92426395416259766" 
0, ptrel, up_pileup, 0, -2.4, 2.4, 200, 300, 0, 1, "0.8845599889755249" 
0, ptrel, up_pileup, 0, -2.4, 2.4, 300, 600, 0, 1, "0.8517799973487854" 
0, ptrel, up_pileup, 0, -2.4, 2.4, 600, 1000, 0, 1, "0.92800098657608032" 
0, ptrel, up_pileup, 0, -2.4, 2.4, 1000, 1400, 0, 1, "1.0117000341415405" 
0, ptrel, up_statistic, 0, -2.4, 2.4, 20, 30, 0, 1, "0.97769850492477417" 
0, ptrel, up_statistic, 0, -2.4, 2.4, 30, 50, 0, 1, "0.96852809190750122" 
0, ptrel, up_statistic, 0, -2.4, 2.4, 50, 70, 0, 1, "0.97613942623138428" 
0, ptrel, up_statistic, 0, -2.4, 2.4, 70, 100, 0, 1, "0.95276463031768799" 
0, ptrel, up_statistic, 0, -2.4, 2.4, 100, 140, 0, 1, "0.94306099414825439" 
0, ptrel, up_statistic, 0, -2.4, 2.4, 140, 200, 0, 1, "0.9331781268119812" 
0, ptrel, up_statistic, 0, -2.4, 2.4, 200, 300, 0, 1, "0.89286655187606812" 
0, ptrel, up_statistic, 0, -2.4, 2.4, 300, 600, 0, 1, "0.98831295967102051" 
0, ptrel, up_statistic, 0, -2.4, 2.4, 600, 1000, 0, 1, "0.97139722108840942" 
0, ptrel, up_statistic, 0, -2.4, 2.4, 1000, 1400, 0, 1, "1.8681430816650391" 
1, ptrel, central, 0, -2.4, 2.4, 20, 30, 0, 1, "0.89896500110626221" 
1, ptrel, central, 0, -2.4, 2.4, 30, 50, 0, 1, "0.91662299633026123" 
1, ptrel, central, 0, -2.4, 2.4, 50, 70, 0, 1, "0.92307198047637939" 
1, ptrel, central, 0, -2.4, 2.4, 70, 100, 0, 1, "0.89190000295639038" 
1, ptrel, central, 0, -2.4, 2.4, 100, 140, 0, 1, "0.89466202259063721" 
1, ptrel, central, 0, -2.4, 2.4, 140, 200, 0, 1, "0.87288397550582886" 
1, ptrel, central, 0, -2.4, 2.4, 200, 300, 0, 1, "0.82433497905731201" 
1, ptrel, central, 0, -2.4, 2.4, 300, 600, 0, 1, "0.83521699905395508" 
1, ptrel, central, 0, -2.4, 2.4, 600, 1000, 0, 1, "0.90809398889541626" 
1, ptrel, central, 0, -2.4, 2.4, 1000, 1400, 0, 1, "0.92542701959609985" 
1, ptrel, down, 0, -2.4, 2.4, 20, 30, 0, 1, "0.83410429954528809" 
1, ptrel, down, 0, -2.4, 2.4, 30, 50, 0, 1, "0.89274513721466064" 
1, ptrel, down, 0, -2.4, 2.4, 50, 70, 0, 1, "0.86635416746139526" 
1, ptrel, down, 0, -2.4, 2.4, 70, 100, 0, 1, "0.85062849521636963" 
1, ptrel, down, 0, -2.4, 2.4, 100, 140, 0, 1, "0.83285540342330933" 
1, ptrel, down, 0, -2.4, 2.4, 140, 200, 0, 1, "0.76759707927703857" 
1, ptrel, down, 0, -2.4, 2.4, 200, 300, 0, 1, "0.7375217080116272" 
1, ptrel, down, 0, -2.4, 2.4, 300, 600, 0, 1, "0.67879754304885864" 
1, ptrel, down, 0, -2.4, 2.4, 600, 1000, 0, 1, "0.75764334201812744" 
1, ptrel, down, 0, -2.4, 2.4, 1000, 1400, 0, 1, "-0.28250294923782349" 
1, ptrel, down_bfragmentation, 0, -2.4, 2.4, 20, 30, 0, 1, "0.91939699649810791" 
1, ptrel, down_bfragmentation, 0, -2.4, 2.4, 30, 50, 0, 1, "0.9173700213432312" 
1, ptrel, down_bfragmentation, 0, -2.4, 2.4, 50, 70, 0, 1, "0.92708593606948853" 
1, ptrel, down_bfragmentation, 0, -2.4, 2.4, 70, 100, 0, 1, "0.89637899398803711" 
1, ptrel, down_bfragmentation, 0, -2.4, 2.4, 100, 140, 0, 1, "0.89595901966094971" 
1, ptrel, down_bfragmentation, 0, -2.4, 2.4, 140, 200, 0, 1, "0.8713189959526062" 
1, ptrel, down_bfragmentation, 0, -2.4, 2.4, 200, 300, 0, 1, "0.81852197647094727" 
1, ptrel, down_bfragmentation, 0, -2.4, 2.4, 300, 600, 0, 1, "0.83521699905395508" 
1, ptrel, down_bfragmentation, 0, -2.4, 2.4, 600, 1000, 0, 1, "0.87485200166702271" 
1, ptrel, down_bfragmentation, 0, -2.4, 2.4, 1000, 1400, 0, 1, "0.92542701959609985" 
1, ptrel, down_btempcorr, 0, -2.4, 2.4, 20, 30, 0, 1, "0.91027498245239258" 
1, ptrel, down_btempcorr, 0, -2.4, 2.4, 30, 50, 0, 1, "0.91662299633026123" 
1, ptrel, down_btempcorr, 0, -2.4, 2.4, 50, 70, 0, 1, "0.92307198047637939" 
1, ptrel, down_btempcorr, 0, -2.4, 2.4, 70, 100, 0, 1, "0.89190000295639038" 
1, ptrel, down_btempcorr, 0, -2.4, 2.4, 100, 140, 0, 1, "0.89466202259063721" 
1, ptrel, down_btempcorr, 0, -2.4, 2.4, 140, 200, 0, 1, "0.87288397550582886" 
1, ptrel, down_btempcorr, 0, -2.4, 2.4, 200, 300, 0, 1, "0.82433497905731201" 
1, ptrel, down_btempcorr, 0, -2.4, 2.4, 300, 600, 0, 1, "0.85891497135162354" 
1, ptrel, down_btempcorr, 0, -2.4, 2.4, 600, 1000, 0, 1, "0.8472059965133667" 
1, ptrel, down_btempcorr, 0, -2.4, 2.4, 1000, 1400, 0, 1, "0.92542701959609985" 
1, ptrel, down_cjets, 0, -2.4, 2.4, 20, 30, 0, 1, "0.90044897794723511" 
1, ptrel, down_cjets, 0, -2.4, 2.4, 30, 50, 0, 1, "0.91615402698516846" 
1, ptrel, down_cjets, 0, -2.4, 2.4, 50, 70, 0, 1, "0.92199099063873291" 
1, ptrel, down_cjets, 0, -2.4, 2.4, 70, 100, 0, 1, "0.88917797803878784" 
1, ptrel, down_cjets, 0, -2.4, 2.4, 100, 140, 0, 1, "0.89008802175521851" 
1, ptrel, down_cjets, 0, -2.4, 2.4, 140, 200, 0, 1, "0.86556297540664673" 
1, ptrel, down_cjets, 0, -2.4, 2.4, 200, 300, 0, 1, "0.81472992897033691" 
1, ptrel, down_cjets, 0, -2.4, 2.4, 300, 600, 0, 1, "0.83521699905395508" 
1, ptrel, down_cjets, 0, -2.4, 2.4, 600, 1000, 0, 1, "0.88362997770309448" 
1, ptrel, down_cjets, 0, -2.4, 2.4, 1000, 1400, 0, 1, "0.92542701959609985" 
1, ptrel, down_gluonsplitting, 0, -2.4, 2.4, 20, 30, 0, 1, "0.89819401502609253" 
1, ptrel, down_gluonsplitting, 0, -2.4, 2.4, 30, 50, 0, 1, "0.91654700040817261" 
1, ptrel, down_gluonsplitting, 0, -2.4, 2.4, 50, 70, 0, 1, "0.92552101612091064" 
1, ptrel, down_gluonsplitting, 0, -2.4, 2.4, 70, 100, 0, 1, "0.89677000045776367" 
1, ptrel, down_gluonsplitting, 0, -2.4, 2.4, 100, 140, 0, 1, "0.9064750075340271" 
1, ptrel, down_gluonsplitting, 0, -2.4, 2.4, 140, 200, 0, 1, "0.89927899837493896" 
1, ptrel, down_gluonsplitting, 0, -2.4, 2.4, 200, 300, 0, 1, "0.85830402374267578" 
1, ptrel, down_gluonsplitting, 0, -2.4, 2.4, 300, 600, 0, 1, "0.83521699905395508" 
1, ptrel, down_gluonsplitting, 0, -2.4, 2.4, 600, 1000, 0, 1, "0.97293496131896973" 
1, ptrel, down_gluonsplitting, 0, -2.4, 2.4, 1000, 1400, 0, 1, "0.92542701959609985" 
1, ptrel, down_jes, 0, -2.4, 2.4, 20, 30, 0, 1, "0.919746994972229" 
1, ptrel, down_jes, 0, -2.4, 2.4, 30, 50, 0, 1, "0.9146919846534729" 
1, ptrel, down_jes, 0, -2.4, 2.4, 50, 70, 0, 1, "0.91629993915557861" 
1, ptrel, down_jes, 0, -2.4, 2.4, 70, 100, 0, 1, "0.88873201608657837" 
1, ptrel, down_jes, 0, -2.4, 2.4, 100, 140, 0, 1, "0.89055198431015015" 
1, ptrel, down_jes, 0, -2.4, 2.4, 140, 200, 0, 1, "0.86742997169494629" 
1, ptrel, down_jes, 0, -2.4, 2.4, 200, 300, 0, 1, "0.8252449631690979" 
1, ptrel, down_jes, 0, -2.4, 2.4, 300, 600, 0, 1, "0.83521699905395508" 
1, ptrel, down_jes, 0, -2.4, 2.4, 600, 1000, 0, 1, "0.90333998203277588" 
1, ptrel, down_jes, 0, -2.4, 2.4, 1000, 1400, 0, 1, "0.92542701959609985" 
1, ptrel, down_jetaway, 0, -2.4, 2.4, 20, 30, 0, 1, "0.886027991771698" 
1, ptrel, down_jetaway, 0, -2.4, 2.4, 30, 50, 0, 1, "0.91423797607421875" 
1, ptrel, down_jetaway, 0, -2.4, 2.4, 50, 70, 0, 1, "0.89484000205993652" 
1, ptrel, down_jetaway, 0, -2.4, 2.4, 70, 100, 0, 1, "0.87533801794052124" 
1, ptrel, down_jetaway, 0, -2.4, 2.4, 100, 140, 0, 1, "0.87275397777557373" 
1, ptrel, down_jetaway, 0, -2.4, 2.4, 140, 200, 0, 1, "0.84958600997924805" 
1, ptrel, down_jetaway, 0, -2.4, 2.4, 200, 300, 0, 1, "0.7948489785194397" 
1, ptrel, down_jetaway, 0, -2.4, 2.4, 300, 600, 0, 1, "0.82686102390289307" 
1, ptrel, down_jetaway, 0, -2.4, 2.4, 600, 1000, 0, 1, "0.90809398889541626" 
1, ptrel, down_jetaway, 0, -2.4, 2.4, 1000, 1400, 0, 1, "0.92542701959609985" 
1, ptrel, down_l2c, 0, -2.4, 2.4, 20, 30, 0, 1, "0.89673799276351929" 
1, ptrel, down_l2c, 0, -2.4, 2.4, 30, 50, 0, 1, "0.92036998271942139" 
1, ptrel, down_l2c, 0, -2.4, 2.4, 50, 70, 0, 1, "0.9301379919052124" 
1, ptrel, down_l2c, 0, -2.4, 2.4, 70, 100, 0, 1, "0.91098600625991821" 
1, ptrel, down_l2c, 0, -2.4, 2.4, 100, 140, 0, 1, "0.91948306560516357" 
1, ptrel, down_l2c, 0, -2.4, 2.4, 140, 200, 0, 1, "0.94674402475357056" 
1, ptrel, down_l2c, 0, -2.4, 2.4, 200, 300, 0, 1, "0.88148695230484009" 
1, ptrel, down_l2c, 0, -2.4, 2.4, 300, 600, 0, 1, "0.83521699905395508" 
1, ptrel, down_l2c, 0, -2.4, 2.4, 600, 1000, 0, 1, "0.90809398889541626" 
1, ptrel, down_l2c, 0, -2.4, 2.4, 1000, 1400, 0, 1, "0.92542701959609985" 
1, ptrel, down_mudr, 0, -2.4, 2.4, 20, 30, 0, 1, "0.92972898483276367" 
1, ptrel, down_mudr, 0, -2.4, 2.4, 30, 50, 0, 1, "0.93173098564147949" 
1, ptrel, down_mudr, 0, -2.4, 2.4, 50, 70, 0, 1, "0.95175594091415405" 
1, ptrel, down_mudr, 0, -2.4, 2.4, 70, 100, 0, 1, "0.91769301891326904" 
1, ptrel, down_mudr, 0, -2.4, 2.4, 100, 140, 0, 1, "0.94027304649353027" 
1, ptrel, down_mudr, 0, -2.4, 2.4, 140, 200, 0, 1, "0.93573194742202759" 
1, ptrel, down_mudr, 0, -2.4, 2.4, 200, 300, 0, 1, "0.82433497905731201" 
1, ptrel, down_mudr, 0, -2.4, 2.4, 300, 600, 0, 1, "0.86027401685714722" 
1, ptrel, down_mudr, 0, -2.4, 2.4, 600, 1000, 0, 1, "0.98027098178863525" 
1, ptrel, down_mudr, 0, -2.4, 2.4, 1000, 1400, 0, 1, "0.92542701959609985" 
1, ptrel, down_mupt, 0, -2.4, 2.4, 20, 30, 0, 1, "0.87114900350570679" 
1, ptrel, down_mupt, 0, -2.4, 2.4, 30, 50, 0, 1, "0.92857998609542847" 
1, ptrel, down_mupt, 0, -2.4, 2.4, 50, 70, 0, 1, "0.93925493955612183" 
1, ptrel, down_mupt, 0, -2.4, 2.4, 70, 100, 0, 1, "0.90581601858139038" 
1, ptrel, down_mupt, 0, -2.4, 2.4, 100, 140, 0, 1, "0.91290402412414551" 
1, ptrel, down_mupt, 0, -2.4, 2.4, 140, 200, 0, 1, "0.88315892219543457" 
1, ptrel, down_mupt, 0, -2.4, 2.4, 200, 300, 0, 1, "0.8679499626159668" 
1, ptrel, down_mupt, 0, -2.4, 2.4, 300, 600, 0, 1, "0.83521699905395508" 
1, ptrel, down_mupt, 0, -2.4, 2.4, 600, 1000, 0, 1, "0.96960794925689697" 
1, ptrel, down_mupt, 0, -2.4, 2.4, 1000, 1400, 0, 1, "0.92542701959609985" 
1, ptrel, down_pileup, 0, -2.4, 2.4, 20, 30, 0, 1, "0.88639700412750244" 
1, ptrel, down_pileup, 0, -2.4, 2.4, 30, 50, 0, 1, "0.90938699245452881" 
1, ptrel, down_pileup, 0, -2.4, 2.4, 50, 70, 0, 1, "0.91964495182037354" 
1, ptrel, down_pileup, 0, -2.4, 2.4, 70, 100, 0, 1, "0.88934898376464844" 
1, ptrel, down_pileup, 0, -2.4, 2.4, 100, 140, 0, 1, "0.89198803901672363" 
1, ptrel, down_pileup, 0, -2.4, 2.4, 140, 200, 0, 1, "0.87218397855758667" 
1, ptrel, down_pileup, 0, -2.4, 2.4, 200, 300, 0, 1, "0.82455098628997803" 
1, ptrel, down_pileup, 0, -2.4, 2.4, 300, 600, 0, 1, "0.83521699905395508" 
1, ptrel, down_pileup, 0, -2.4, 2.4, 600, 1000, 0, 1, "0.91100502014160156" 
1, ptrel, down_pileup, 0, -2.4, 2.4, 1000, 1400, 0, 1, "0.92542701959609985" 
1, ptrel, down_statistic, 0, -2.4, 2.4, 20, 30, 0, 1, "0.86466622352600098" 
1, ptrel, down_statistic, 0, -2.4, 2.4, 30, 50, 0, 1, "0.90556269884109497" 
1, ptrel, down_statistic, 0, -2.4, 2.4, 50, 70, 0, 1, "0.88836759328842163" 
1, ptrel, down_statistic, 0, -2.4, 2.4, 70, 100, 0, 1, "0.88014858961105347" 
1, ptrel, down_statistic, 0, -2.4, 2.4, 100, 140, 0, 1, "0.88349592685699463" 
1, ptrel, down_statistic, 0, -2.4, 2.4, 140, 200, 0, 1, "0.85711050033569336" 
1, ptrel, down_statistic, 0, -2.4, 2.4, 200, 300, 0, 1, "0.80958086252212524" 
1, ptrel, down_statistic, 0, -2.4, 2.4, 300, 600, 0, 1, "0.68287599086761475" 
1, ptrel, down_statistic, 0, -2.4, 2.4, 600, 1000, 0, 1, "0.84488320350646973" 
1, ptrel, down_statistic, 0, -2.4, 2.4, 1000, 1400, 0, 1, "-0.28250294923782349" 
1, ptrel, up, 0, -2.4, 2.4, 20, 30, 0, 1, "0.96382570266723633" 
1, ptrel, up, 0, -2.4, 2.4, 30, 50, 0, 1, "0.94050085544586182" 
1, ptrel, up, 0, -2.4, 2.4, 50, 70, 0, 1, "0.97978979349136353" 
1, ptrel, up, 0, -2.4, 2.4, 70, 100, 0, 1, "0.93317151069641113" 
1, ptrel, up, 0, -2.4, 2.4, 100, 140, 0, 1, "0.95646864175796509" 
1, ptrel, up, 0, -2.4, 2.4, 140, 200, 0, 1, "0.97817087173461914" 
1, ptrel, up, 0, -2.4, 2.4, 200, 300, 0, 1, "0.91114825010299683" 
1, ptrel, up, 0, -2.4, 2.4, 300, 600, 0, 1, "0.99163645505905151" 
1, ptrel, up, 0, -2.4, 2.4, 600, 1000, 0, 1, "1.0585446357727051" 
1, ptrel, up, 0, -2.4, 2.4, 1000, 1400, 0, 1, "2.133357048034668" 
1, ptrel, up_bfragmentation, 0, -2.4, 2.4, 20, 30, 0, 1, "0.8785330057144165" 
1, ptrel, up_bfragmentation, 0, -2.4, 2.4, 30, 50, 0, 1, "0.91587597131729126" 
1, ptrel, up_bfragmentation, 0, -2.4, 2.4, 50, 70, 0, 1, "0.91905802488327026" 
1, ptrel, up_bfragmentation, 0, -2.4, 2.4, 70, 100, 0, 1, "0.88742101192474365" 
1, ptrel, up_bfragmentation, 0, -2.4, 2.4, 100, 140, 0, 1, "0.89336502552032471" 
1, ptrel, up_bfragmentation, 0, -2.4, 2.4, 140, 200, 0, 1, "0.87444895505905151" 
1, ptrel, up_bfragmentation, 0, -2.4, 2.4, 200, 300, 0, 1, "0.83014798164367676" 
1, ptrel, up_bfragmentation, 0, -2.4, 2.4, 300, 600, 0, 1, "0.83521699905395508" 
1, ptrel, up_bfragmentation, 0, -2.4, 2.4, 600, 1000, 0, 1, "0.94133597612380981" 
1, ptrel, up_bfragmentation, 0, -2.4, 2.4, 1000, 1400, 0, 1, "0.92542701959609985" 
1, ptrel, up_btempcorr, 0, -2.4, 2.4, 20, 30, 0, 1, "0.88765501976013184" 
1, ptrel, up_btempcorr, 0, -2.4, 2.4, 30, 50, 0, 1, "0.91662299633026123" 
1, ptrel, up_btempcorr, 0, -2.4, 2.4, 50, 70, 0, 1, "0.92307198047637939" 
1, ptrel, up_btempcorr, 0, -2.4, 2.4, 70, 100, 0, 1, "0.89190000295639038" 
1, ptrel, up_btempcorr, 0, -2.4, 2.4, 100, 140, 0, 1, "0.89466202259063721" 
1, ptrel, up_btempcorr, 0, -2.4, 2.4, 140, 200, 0, 1, "0.87288397550582886" 
1, ptrel, up_btempcorr, 0, -2.4, 2.4, 200, 300, 0, 1, "0.82433497905731201" 
1, ptrel, up_btempcorr, 0, -2.4, 2.4, 300, 600, 0, 1, "0.81151902675628662" 
1, ptrel, up_btempcorr, 0, -2.4, 2.4, 600, 1000, 0, 1, "0.96898198127746582" 
1, ptrel, up_btempcorr, 0, -2.4, 2.4, 1000, 1400, 0, 1, "0.92542701959609985" 
1, ptrel, up_cjets, 0, -2.4, 2.4, 20, 30, 0, 1, "0.89748102426528931" 
1, ptrel, up_cjets, 0, -2.4, 2.4, 30, 50, 0, 1, "0.917091965675354" 
1, ptrel, up_cjets, 0, -2.4, 2.4, 50, 70, 0, 1, "0.92415297031402588" 
1, ptrel, up_cjets, 0, -2.4, 2.4, 70, 100, 0, 1, "0.89462202787399292" 
1, ptrel, up_cjets, 0, -2.4, 2.4, 100, 140, 0, 1, "0.89923602342605591" 
1, ptrel, up_cjets, 0, -2.4, 2.4, 140, 200, 0, 1, "0.88020497560501099" 
1, ptrel, up_cjets, 0, -2.4, 2.4, 200, 300, 0, 1, "0.83394002914428711" 
1, ptrel, up_cjets, 0, -2.4, 2.4, 300, 600, 0, 1, "0.83521699905395508" 
1, ptrel, up_cjets, 0, -2.4, 2.4, 600, 1000, 0, 1, "0.93255800008773804" 
1, ptrel, up_cjets, 0, -2.4, 2.4, 1000, 1400, 0, 1, "0.92542701959609985" 
1, ptrel, up_gluonsplitting, 0, -2.4, 2.4, 20, 30, 0, 1, "0.89973598718643188" 
1, ptrel, up_gluonsplitting, 0, -2.4, 2.4, 30, 50, 0, 1, "0.91669899225234985" 
1, ptrel, up_gluonsplitting, 0, -2.4, 2.4, 50, 70, 0, 1, "0.92062294483184814" 
1, ptrel, up_gluonsplitting, 0, -2.4, 2.4, 70, 100, 0, 1, "0.88703000545501709" 
1, ptrel, up_gluonsplitting, 0, -2.4, 2.4, 100, 140, 0, 1, "0.88284903764724731" 
1, ptrel, up_gluonsplitting, 0, -2.4, 2.4, 140, 200, 0, 1, "0.84648895263671875" 
1, ptrel, up_gluonsplitting, 0, -2.4, 2.4, 200, 300, 0, 1, "0.79036593437194824" 
1, ptrel, up_gluonsplitting, 0, -2.4, 2.4, 300, 600, 0, 1, "0.83521699905395508" 
1, ptrel, up_gluonsplitting, 0, -2.4, 2.4, 600, 1000, 0, 1, "0.84325301647186279" 
1, ptrel, up_gluonsplitting, 0, -2.4, 2.4, 1000, 1400, 0, 1, "0.92542701959609985" 
1, ptrel, up_jes, 0, -2.4, 2.4, 20, 30, 0, 1, "0.87818300724029541" 
1, ptrel, up_jes, 0, -2.4, 2.4, 30, 50, 0, 1, "0.91855400800704956" 
1, ptrel, up_jes, 0, -2.4, 2.4, 50, 70, 0, 1, "0.92984402179718018" 
1, ptrel, up_jes, 0, -2.4, 2.4, 70, 100, 0, 1, "0.89506798982620239" 
1, ptrel, up_jes, 0, -2.4, 2.4, 100, 140, 0, 1, "0.89877206087112427" 
1, ptrel, up_jes, 0, -2.4, 2.4, 140, 200, 0, 1, "0.87833797931671143" 
1, ptrel, up_jes, 0, -2.4, 2.4, 200, 300, 0, 1, "0.82342499494552612" 
1, ptrel, up_jes, 0, -2.4, 2.4, 300, 600, 0, 1, "0.83521699905395508" 
1, ptrel, up_jes, 0, -2.4, 2.4, 600, 1000, 0, 1, "0.91284799575805664" 
1, ptrel, up_jes, 0, -2.4, 2.4, 1000, 1400, 0, 1, "0.92542701959609985" 
1, ptrel, up_jetaway, 0, -2.4, 2.4, 20, 30, 0, 1, "0.91190201044082642" 
1, ptrel, up_jetaway, 0, -2.4, 2.4, 30, 50, 0, 1, "0.91900801658630371" 
1, ptrel, up_jetaway, 0, -2.4, 2.4, 50, 70, 0, 1, "0.95130395889282227" 
1, ptrel, up_jetaway, 0, -2.4, 2.4, 70, 100, 0, 1, "0.90846198797225952" 
1, ptrel, up_jetaway, 0, -2.4, 2.4, 100, 140, 0, 1, "0.91657006740570068" 
1, ptrel, up_jetaway, 0, -2.4, 2.4, 140, 200, 0, 1, "0.89618194103240967" 
1, ptrel, up_jetaway, 0, -2.4, 2.4, 200, 300, 0, 1, "0.85382097959518433" 
1, ptrel, up_jetaway, 0, -2.4, 2.4, 300, 600, 0, 1, "0.84357297420501709" 
1, ptrel, up_jetaway, 0, -2.4, 2.4, 600, 1000, 0, 1, "0.90809398889541626" 
1, ptrel, up_jetaway, 0, -2.4, 2.4, 1000, 1400, 0, 1, "0.92542701959609985" 
1, ptrel, up_l2c, 0, -2.4, 2.4, 20, 30, 0, 1, "0.90119200944900513" 
1, ptrel, up_l2c, 0, -2.4, 2.4, 30, 50, 0, 1, "0.91287600994110107" 
1, ptrel, up_l2c, 0, -2.4, 2.4, 50, 70, 0, 1, "0.91600596904754639" 
1, ptrel, up_l2c, 0, -2.4, 2.4, 70, 100, 0, 1, "0.87281399965286255" 
1, ptrel, up_l2c, 0, -2.4, 2.4, 100, 140, 0, 1, "0.86984097957611084" 
1, ptrel, up_l2c, 0, -2.4, 2.4, 140, 200, 0, 1, "0.79902392625808716" 
1, ptrel, up_l2c, 0, -2.4, 2.4, 200, 300, 0, 1, "0.76718300580978394" 
1, ptrel, up_l2c, 0, -2.4, 2.4, 300, 600, 0, 1, "0.83521699905395508" 
1, ptrel, up_l2c, 0, -2.4, 2.4, 600, 1000, 0, 1, "0.90809398889541626" 
1, ptrel, up_l2c, 0, -2.4, 2.4, 1000, 1400, 0, 1, "0.92542701959609985" 
1, ptrel, up_mudr, 0, -2.4, 2.4, 20, 30, 0, 1, "0.86820101737976074" 
1, ptrel, up_mudr, 0, -2.4, 2.4, 30, 50, 0, 1, "0.90151500701904297" 
1, ptrel, up_mudr, 0, -2.4, 2.4, 50, 70, 0, 1, "0.89438802003860474" 
1, ptrel, up_mudr, 0, -2.4, 2.4, 70, 100, 0, 1, "0.86610698699951172" 
1, ptrel, up_mudr, 0, -2.4, 2.4, 100, 140, 0, 1, "0.84905099868774414" 
1, ptrel, up_mudr, 0, -2.4, 2.4, 140, 200, 0, 1, "0.81003600358963013" 
1, ptrel, up_mudr, 0, -2.4, 2.4, 200, 300, 0, 1, "0.82433497905731201" 
1, ptrel, up_mudr, 0, -2.4, 2.4, 300, 600, 0, 1, "0.81015998125076294" 
1, ptrel, up_mudr, 0, -2.4, 2.4, 600, 1000, 0, 1, "0.83591699600219727" 
1, ptrel, up_mudr, 0, -2.4, 2.4, 1000, 1400, 0, 1, "0.92542701959609985" 
1, ptrel, up_mupt, 0, -2.4, 2.4, 20, 30, 0, 1, "0.92678099870681763" 
1, ptrel, up_mupt, 0, -2.4, 2.4, 30, 50, 0, 1, "0.90466600656509399" 
1, ptrel, up_mupt, 0, -2.4, 2.4, 50, 70, 0, 1, "0.90688902139663696" 
1, ptrel, up_mupt, 0, -2.4, 2.4, 70, 100, 0, 1, "0.87798398733139038" 
1, ptrel, up_mupt, 0, -2.4, 2.4, 100, 140, 0, 1, "0.87642002105712891" 
1, ptrel, up_mupt, 0, -2.4, 2.4, 140, 200, 0, 1, "0.86260902881622314" 
1, ptrel, up_mupt, 0, -2.4, 2.4, 200, 300, 0, 1, "0.78071999549865723" 
1, ptrel, up_mupt, 0, -2.4, 2.4, 300, 600, 0, 1, "0.83521699905395508" 
1, ptrel, up_mupt, 0, -2.4, 2.4, 600, 1000, 0, 1, "0.84658002853393555" 
1, ptrel, up_mupt, 0, -2.4, 2.4, 1000, 1400, 0, 1, "0.92542701959609985" 
1, ptrel, up_pileup, 0, -2.4, 2.4, 20, 30, 0, 1, "0.91153299808502197" 
1, ptrel, up_pileup, 0, -2.4, 2.4, 30, 50, 0, 1, "0.92385900020599365" 
1, ptrel, up_pileup, 0, -2.4, 2.4, 50, 70, 0, 1, "0.92649900913238525" 
1, ptrel, up_pileup, 0, -2.4, 2.4, 70, 100, 0, 1, "0.89445102214813232" 
1, ptrel, up_pileup, 0, -2.4, 2.4, 100, 140, 0, 1, "0.89733600616455078" 
1, ptrel, up_pileup, 0, -2.4, 2.4, 140, 200, 0, 1, "0.87358397245407104" 
1, ptrel, up_pileup, 0, -2.4, 2.4, 200, 300, 0, 1, "0.824118971824646" 
1, ptrel, up_pileup, 0, -2.4, 2.4, 300, 600, 0, 1, "0.83521699905395508" 
1, ptrel, up_pileup, 0, -2.4, 2.4, 600, 1000, 0, 1, "0.90518295764923096" 
1, ptrel, up_pileup, 0, -2.4, 2.4, 1000, 1400, 0, 1, "0.92542701959609985" 
1, ptrel, up_statistic, 0, -2.4, 2.4, 20, 30, 0, 1, "0.93326377868652344" 
1, ptrel, up_statistic, 0, -2.4, 2.4, 30, 50, 0, 1, "0.92768329381942749" 
1, ptrel, up_statistic, 0, -2.4, 2.4, 50, 70, 0, 1, "0.95777636766433716" 
1, ptrel, up_statistic, 0, -2.4, 2.4, 70, 100, 0, 1, "0.90365141630172729" 
1, ptrel, up_statistic, 0, -2.4, 2.4, 100, 140, 0, 1, "0.90582811832427979" 
1, ptrel, up_statistic, 0, -2.4, 2.4, 140, 200, 0, 1, "0.88865745067596436" 
1, ptrel, up_statistic, 0, -2.4, 2.4, 200, 300, 0, 1, "0.83908909559249878" 
1, ptrel, up_statistic, 0, -2.4, 2.4, 300, 600, 0, 1, "0.98755800724029541" 
1, ptrel, up_statistic, 0, -2.4, 2.4, 600, 1000, 0, 1, "0.97130477428436279" 
1, ptrel, up_statistic, 0, -2.4, 2.4, 1000, 1400, 0, 1, "2.133357048034668" 
2, ptrel, central, 0, -2.4, 2.4, 20, 30, 0, 1, "0.88524001836776733" 
2, ptrel, central, 0, -2.4, 2.4, 30, 50, 0, 1, "0.88384300470352173" 
2, ptrel, central, 0, -2.4, 2.4, 50, 70, 0, 1, "0.88736999034881592" 
2, ptrel, central, 0, -2.4, 2.4, 70, 100, 0, 1, "0.8465610146522522" 
2, ptrel, central, 0, -2.4, 2.4, 100, 140, 0, 1, "0.86696499586105347" 
2, ptrel, central, 0, -2.4, 2.4, 140, 200, 0, 1, "0.82428097724914551" 
2, ptrel, central, 0, -2.4, 2.4, 200, 300, 0, 1, "0.7959820032119751" 
2, ptrel, central, 0, -2.4, 2.4, 300, 600, 0, 1, "0.81682097911834717" 
2, ptrel, central, 0, -2.4, 2.4, 600, 1000, 0, 1, "0.93740600347518921" 
2, ptrel, central, 0, -2.4, 2.4, 1000, 1400, 0, 1, "0.86832797527313232" 
2, ptrel, down, 0, -2.4, 2.4, 20, 30, 0, 1, "0.78854858875274658" 
2, ptrel, down, 0, -2.4, 2.4, 30, 50, 0, 1, "0.85539227724075317" 
2, ptrel, down, 0, -2.4, 2.4, 50, 70, 0, 1, "0.83627796173095703" 
2, ptrel, down, 0, -2.4, 2.4, 70, 100, 0, 1, "0.79640781879425049" 
2, ptrel, down, 0, -2.4, 2.4, 100, 140, 0, 1, "0.69986176490783691" 
2, ptrel, down, 0, -2.4, 2.4, 140, 200, 0, 1, "0.68531340360641479" 
2, ptrel, down, 0, -2.4, 2.4, 200, 300, 0, 1, "0.66858953237533569" 
2, ptrel, down, 0, -2.4, 2.4, 300, 600, 0, 1, "0.612091064453125" 
2, ptrel, down, 0, -2.4, 2.4, 600, 1000, 0, 1, "0.61869096755981445" 
2, ptrel, down, 0, -2.4, 2.4, 1000, 1400, 0, 1, "0.13030499219894409" 
2, ptrel, down_bfragmentation, 0, -2.4, 2.4, 20, 30, 0, 1, "0.91515398025512695" 
2, ptrel, down_bfragmentation, 0, -2.4, 2.4, 30, 50, 0, 1, "0.88652902841567993" 
2, ptrel, down_bfragmentation, 0, -2.4, 2.4, 50, 70, 0, 1, "0.89573699235916138" 
2, ptrel, down_bfragmentation, 0, -2.4, 2.4, 70, 100, 0, 1, "0.85496002435684204" 
2, ptrel, down_bfragmentation, 0, -2.4, 2.4, 100, 140, 0, 1, "0.88144499063491821" 
2, ptrel, down_bfragmentation, 0, -2.4, 2.4, 140, 200, 0, 1, "0.82198196649551392" 
2, ptrel, down_bfragmentation, 0, -2.4, 2.4, 200, 300, 0, 1, "0.78622502088546753" 
2, ptrel, down_bfragmentation, 0, -2.4, 2.4, 300, 600, 0, 1, "0.81488800048828125" 
2, ptrel, down_bfragmentation, 0, -2.4, 2.4, 600, 1000, 0, 1, "0.92118698358535767" 
2, ptrel, down_bfragmentation, 0, -2.4, 2.4, 1000, 1400, 0, 1, "0.86832797527313232" 
2, ptrel, down_btempcorr, 0, -2.4, 2.4, 20, 30, 0, 1, "0.88524001836776733" 
2, ptrel, down_btempcorr, 0, -2.4, 2.4, 30, 50, 0, 1, "0.88384300470352173" 
2, ptrel, down_btempcorr, 0, -2.4, 2.4, 50, 70, 0, 1, "0.88736999034881592" 
2, ptrel, down_btempcorr, 0, -2.4, 2.4, 70, 100, 0, 1, "0.8465610146522522" 
2, ptrel, down_btempcorr, 0, -2.4, 2.4, 100, 140, 0, 1, "0.86696499586105347" 
2, ptrel, down_btempcorr, 0, -2.4, 2.4, 140, 200, 0, 1, "0.82428097724914551" 
2, ptrel, down_btempcorr, 0, -2.4, 2.4, 200, 300, 0, 1, "0.7959820032119751" 
2, ptrel, down_btempcorr, 0, -2.4, 2.4, 300, 600, 0, 1, "0.81682097911834717" 
2, ptrel, down_btempcorr, 0, -2.4, 2.4, 600, 1000, 0, 1, "0.93740600347518921" 
2, ptrel, down_btempcorr, 0, -2.4, 2.4, 1000, 1400, 0, 1, "0.86832797527313232" 
2, ptrel, down_cjets, 0, -2.4, 2.4, 20, 30, 0, 1, "0.8872380256652832" 
2, ptrel, down_cjets, 0, -2.4, 2.4, 30, 50, 0, 1, "0.8836439847946167" 
2, ptrel, down_cjets, 0, -2.4, 2.4, 50, 70, 0, 1, "0.88642102479934692" 
2, ptrel, down_cjets, 0, -2.4, 2.4, 70, 100, 0, 1, "0.84404003620147705" 
2, ptrel, down_cjets, 0, -2.4, 2.4, 100, 140, 0, 1, "0.86696499586105347" 
2, ptrel, down_cjets, 0, -2.4, 2.4, 140, 200, 0, 1, "0.81571394205093384" 
2, ptrel, down_cjets, 0, -2.4, 2.4, 200, 300, 0, 1, "0.78381997346878052" 
2, ptrel, down_cjets, 0, -2.4, 2.4, 300, 600, 0, 1, "0.78202497959136963" 
2, ptrel, down_cjets, 0, -2.4, 2.4, 600, 1000, 0, 1, "0.93740600347518921" 
2, ptrel, down_cjets, 0, -2.4, 2.4, 1000, 1400, 0, 1, "0.86832797527313232" 
2, ptrel, down_gluonsplitting, 0, -2.4, 2.4, 20, 30, 0, 1, "0.88217401504516602" 
2, ptrel, down_gluonsplitting, 0, -2.4, 2.4, 30, 50, 0, 1, "0.88370901346206665" 
2, ptrel, down_gluonsplitting, 0, -2.4, 2.4, 50, 70, 0, 1, "0.89098399877548218" 
2, ptrel, down_gluonsplitting, 0, -2.4, 2.4, 70, 100, 0, 1, "0.85444098711013794" 
2, ptrel, down_gluonsplitting, 0, -2.4, 2.4, 100, 140, 0, 1, "0.87514597177505493" 
2, ptrel, down_gluonsplitting, 0, -2.4, 2.4, 140, 200, 0, 1, "0.87421798706054688" 
2, ptrel, down_gluonsplitting, 0, -2.4, 2.4, 200, 300, 0, 1, "0.88158297538757324" 
2, ptrel, down_gluonsplitting, 0, -2.4, 2.4, 300, 600, 0, 1, "0.81682097911834717" 
2, ptrel, down_gluonsplitting, 0, -2.4, 2.4, 600, 1000, 0, 1, "0.93740600347518921" 
2, ptrel, down_gluonsplitting, 0, -2.4, 2.4, 1000, 1400, 0, 1, "0.86832797527313232" 
2, ptrel, down_jes, 0, -2.4, 2.4, 20, 30, 0, 1, "0.90451401472091675" 
2, ptrel, down_jes, 0, -2.4, 2.4, 30, 50, 0, 1, "0.88514798879623413" 
2, ptrel, down_jes, 0, -2.4, 2.4, 50, 70, 0, 1, "0.8810349702835083" 
2, ptrel, down_jes, 0, -2.4, 2.4, 70, 100, 0, 1, "0.84845900535583496" 
2, ptrel, down_jes, 0, -2.4, 2.4, 100, 140, 0, 1, "0.87680196762084961" 
2, ptrel, down_jes, 0, -2.4, 2.4, 140, 200, 0, 1, "0.82176494598388672" 
2, ptrel, down_jes, 0, -2.4, 2.4, 200, 300, 0, 1, "0.7959820032119751" 
2, ptrel, down_jes, 0, -2.4, 2.4, 300, 600, 0, 1, "0.80689096450805664" 
2, ptrel, down_jes, 0, -2.4, 2.4, 600, 1000, 0, 1, "0.93740600347518921" 
2, ptrel, down_jes, 0, -2.4, 2.4, 1000, 1400, 0, 1, "0.86832797527313232" 
2, ptrel, down_jetaway, 0, -2.4, 2.4, 20, 30, 0, 1, "0.85730504989624023" 
2, ptrel, down_jetaway, 0, -2.4, 2.4, 30, 50, 0, 1, "0.88292098045349121" 
2, ptrel, down_jetaway, 0, -2.4, 2.4, 50, 70, 0, 1, "0.86175000667572021" 
2, ptrel, down_jetaway, 0, -2.4, 2.4, 70, 100, 0, 1, "0.83121699094772339" 
2, ptrel, down_jetaway, 0, -2.4, 2.4, 100, 140, 0, 1, "0.86696499586105347" 
2, ptrel, down_jetaway, 0, -2.4, 2.4, 140, 200, 0, 1, "0.79583299160003662" 
2, ptrel, down_jetaway, 0, -2.4, 2.4, 200, 300, 0, 1, "0.76085901260375977" 
2, ptrel, down_jetaway, 0, -2.4, 2.4, 300, 600, 0, 1, "0.75912296772003174" 
2, ptrel, down_jetaway, 0, -2.4, 2.4, 600, 1000, 0, 1, "0.93740600347518921" 
2, ptrel, down_jetaway, 0, -2.4, 2.4, 1000, 1400, 0, 1, "0.86832797527313232" 
2, ptrel, down_l2c, 0, -2.4, 2.4, 20, 30, 0, 1, "0.87697297334671021" 
2, ptrel, down_l2c, 0, -2.4, 2.4, 30, 50, 0, 1, "0.88808900117874146" 
2, ptrel, down_l2c, 0, -2.4, 2.4, 50, 70, 0, 1, "0.89493000507354736" 
2, ptrel, down_l2c, 0, -2.4, 2.4, 70, 100, 0, 1, "0.86196500062942505" 
2, ptrel, down_l2c, 0, -2.4, 2.4, 100, 140, 0, 1, "0.90371698141098022" 
2, ptrel, down_l2c, 0, -2.4, 2.4, 140, 200, 0, 1, "0.90385198593139648" 
2, ptrel, down_l2c, 0, -2.4, 2.4, 200, 300, 0, 1, "0.7959820032119751" 
2, ptrel, down_l2c, 0, -2.4, 2.4, 300, 600, 0, 1, "0.81682097911834717" 
2, ptrel, down_l2c, 0, -2.4, 2.4, 600, 1000, 0, 1, "0.93740600347518921" 
2, ptrel, down_l2c, 0, -2.4, 2.4, 1000, 1400, 0, 1, "0.86832797527313232" 
2, ptrel, down_mudr, 0, -2.4, 2.4, 20, 30, 0, 1, "0.94149702787399292" 
2, ptrel, down_mudr, 0, -2.4, 2.4, 30, 50, 0, 1, "0.89965403079986572" 
2, ptrel, down_mudr, 0, -2.4, 2.4, 50, 70, 0, 1, "0.92114895582199097" 
2, ptrel, down_mudr, 0, -2.4, 2.4, 70, 100, 0, 1, "0.88150304555892944" 
2, ptrel, down_mudr, 0, -2.4, 2.4, 100, 140, 0, 1, "0.87164700031280518" 
2, ptrel, down_mudr, 0, -2.4, 2.4, 140, 200, 0, 1, "0.91828495264053345" 
2, ptrel, down_mudr, 0, -2.4, 2.4, 200, 300, 0, 1, "0.86602699756622314" 
2, ptrel, down_mudr, 0, -2.4, 2.4, 300, 600, 0, 1, "0.81682097911834717" 
2, ptrel, down_mudr, 0, -2.4, 2.4, 600, 1000, 0, 1, "0.93740600347518921" 
2, ptrel, down_mudr, 0, -2.4, 2.4, 1000, 1400, 0, 1, "0.86832797527313232" 
2, ptrel, down_mupt, 0, -2.4, 2.4, 20, 30, 0, 1, "0.84929001331329346" 
2, ptrel, down_mupt, 0, -2.4, 2.4, 30, 50, 0, 1, "0.8983759880065918" 
2, ptrel, down_mupt, 0, -2.4, 2.4, 50, 70, 0, 1, "0.90326696634292603" 
2, ptrel, down_mupt, 0, -2.4, 2.4, 70, 100, 0, 1, "0.86308300495147705" 
2, ptrel, down_mupt, 0, -2.4, 2.4, 100, 140, 0, 1, "0.89612901210784912" 
2, ptrel, down_mupt, 0, -2.4, 2.4, 140, 200, 0, 1, "0.83702296018600464" 
2, ptrel, down_mupt, 0, -2.4, 2.4, 200, 300, 0, 1, "0.84189903736114502" 
2, ptrel, down_mupt, 0, -2.4, 2.4, 300, 600, 0, 1, "0.86435198783874512" 
2, ptrel, down_mupt, 0, -2.4, 2.4, 600, 1000, 0, 1, "1.0249309539794922" 
2, ptrel, down_mupt, 0, -2.4, 2.4, 1000, 1400, 0, 1, "0.86832797527313232" 
2, ptrel, down_pileup, 0, -2.4, 2.4, 20, 30, 0, 1, "0.86853903532028198" 
2, ptrel, down_pileup, 0, -2.4, 2.4, 30, 50, 0, 1, "0.87600100040435791" 
2, ptrel, down_pileup, 0, -2.4, 2.4, 50, 70, 0, 1, "0.88198399543762207" 
2, ptrel, down_pileup, 0, -2.4, 2.4, 70, 100, 0, 1, "0.84353601932525635" 
2, ptrel, down_pileup, 0, -2.4, 2.4, 100, 140, 0, 1, "0.85323399305343628" 
2, ptrel, down_pileup, 0, -2.4, 2.4, 140, 200, 0, 1, "0.82246899604797363" 
2, ptrel, down_pileup, 0, -2.4, 2.4, 200, 300, 0, 1, "0.7959820032119751" 
2, ptrel, down_pileup, 0, -2.4, 2.4, 300, 600, 0, 1, "0.80657798051834106" 
2, ptrel, down_pileup, 0, -2.4, 2.4, 600, 1000, 0, 1, "0.93740600347518921" 
2, ptrel, down_pileup, 0, -2.4, 2.4, 1000, 1400, 0, 1, "0.86832797527313232" 
2, ptrel, down_statistic, 0, -2.4, 2.4, 20, 30, 0, 1, "0.83539390563964844" 
2, ptrel, down_statistic, 0, -2.4, 2.4, 30, 50, 0, 1, "0.86775273084640503" 
2, ptrel, down_statistic, 0, -2.4, 2.4, 50, 70, 0, 1, "0.86866140365600586" 
2, ptrel, down_statistic, 0, -2.4, 2.4, 70, 100, 0, 1, "0.82663732767105103" 
2, ptrel, down_statistic, 0, -2.4, 2.4, 100, 140, 0, 1, "0.70841401815414429" 
2, ptrel, down_statistic, 0, -2.4, 2.4, 140, 200, 0, 1, "0.79999017715454102" 
2, ptrel, down_statistic, 0, -2.4, 2.4, 200, 300, 0, 1, "0.77573597431182861" 
2, ptrel, down_statistic, 0, -2.4, 2.4, 300, 600, 0, 1, "0.62998396158218384" 
2, ptrel, down_statistic, 0, -2.4, 2.4, 600, 1000, 0, 1, "0.63137400150299072" 
2, ptrel, down_statistic, 0, -2.4, 2.4, 1000, 1400, 0, 1, "0.13030499219894409" 
2, ptrel, up, 0, -2.4, 2.4, 20, 30, 0, 1, "0.98193144798278809" 
2, ptrel, up, 0, -2.4, 2.4, 30, 50, 0, 1, "0.91229373216629028" 
2, ptrel, up, 0, -2.4, 2.4, 50, 70, 0, 1, "0.9384620189666748" 
2, ptrel, up, 0, -2.4, 2.4, 70, 100, 0, 1, "0.89671421051025391" 
2, ptrel, up, 0, -2.4, 2.4, 100, 140, 0, 1, "1.03406822681427" 
2, ptrel, up, 0, -2.4, 2.4, 140, 200, 0, 1, "0.96324855089187622" 
2, ptrel, up, 0, -2.4, 2.4, 200, 300, 0, 1, "0.9233744740486145" 
2, ptrel, up, 0, -2.4, 2.4, 300, 600, 0, 1, "1.0215508937835693" 
2, ptrel, up, 0, -2.4, 2.4, 600, 1000, 0, 1, "1.256121039390564" 
2, ptrel, up, 0, -2.4, 2.4, 1000, 1400, 0, 1, "1.6063508987426758" 
2, ptrel, up_bfragmentation, 0, -2.4, 2.4, 20, 30, 0, 1, "0.85532605648040771" 
2, ptrel, up_bfragmentation, 0, -2.4, 2.4, 30, 50, 0, 1, "0.88115698099136353" 
2, ptrel, up_bfragmentation, 0, -2.4, 2.4, 50, 70, 0, 1, "0.87900298833847046" 
2, ptrel, up_bfragmentation, 0, -2.4, 2.4, 70, 100, 0, 1, "0.83816200494766235" 
2, ptrel, up_bfragmentation, 0, -2.4, 2.4, 100, 140, 0, 1, "0.85248500108718872" 
2, ptrel, up_bfragmentation, 0, -2.4, 2.4, 140, 200, 0, 1, "0.8265799880027771" 
2, ptrel, up_bfragmentation, 0, -2.4, 2.4, 200, 300, 0, 1, "0.80573898553848267" 
2, ptrel, up_bfragmentation, 0, -2.4, 2.4, 300, 600, 0, 1, "0.81875395774841309" 
2, ptrel, up_bfragmentation, 0, -2.4, 2.4, 600, 1000, 0, 1, "0.95362502336502075" 
2, ptrel, up_bfragmentation, 0, -2.4, 2.4, 1000, 1400, 0, 1, "0.86832797527313232" 
2, ptrel, up_btempcorr, 0, -2.4, 2.4, 20, 30, 0, 1, "0.88524001836776733" 
2, ptrel, up_btempcorr, 0, -2.4, 2.4, 30, 50, 0, 1, "0.88384300470352173" 
2, ptrel, up_btempcorr, 0, -2.4, 2.4, 50, 70, 0, 1, "0.88736999034881592" 
2, ptrel, up_btempcorr, 0, -2.4, 2.4, 70, 100, 0, 1, "0.8465610146522522" 
2, ptrel, up_btempcorr, 0, -2.4, 2.4, 100, 140, 0, 1, "0.86696499586105347" 
2, ptrel, up_btempcorr, 0, -2.4, 2.4, 140, 200, 0, 1, "0.82428097724914551" 
2, ptrel, up_btempcorr, 0, -2.4, 2.4, 200, 300, 0, 1, "0.7959820032119751" 
2, ptrel, up_btempcorr, 0, -2.4, 2.4, 300, 600, 0, 1, "0.81682097911834717" 
2, ptrel, up_btempcorr, 0, -2.4, 2.4, 600, 1000, 0, 1, "0.93740600347518921" 
2, ptrel, up_btempcorr, 0, -2.4, 2.4, 1000, 1400, 0, 1, "0.86832797527313232" 
2, ptrel, up_cjets, 0, -2.4, 2.4, 20, 30, 0, 1, "0.88324201107025146" 
2, ptrel, up_cjets, 0, -2.4, 2.4, 30, 50, 0, 1, "0.88404202461242676" 
2, ptrel, up_cjets, 0, -2.4, 2.4, 50, 70, 0, 1, "0.88831895589828491" 
2, ptrel, up_cjets, 0, -2.4, 2.4, 70, 100, 0, 1, "0.84908199310302734" 
2, ptrel, up_cjets, 0, -2.4, 2.4, 100, 140, 0, 1, "0.86696499586105347" 
2, ptrel, up_cjets, 0, -2.4, 2.4, 140, 200, 0, 1, "0.83284801244735718" 
2, ptrel, up_cjets, 0, -2.4, 2.4, 200, 300, 0, 1, "0.80814403295516968" 
2, ptrel, up_cjets, 0, -2.4, 2.4, 300, 600, 0, 1, "0.85161697864532471" 
2, ptrel, up_cjets, 0, -2.4, 2.4, 600, 1000, 0, 1, "0.93740600347518921" 
2, ptrel, up_cjets, 0, -2.4, 2.4, 1000, 1400, 0, 1, "0.86832797527313232" 
2, ptrel, up_gluonsplitting, 0, -2.4, 2.4, 20, 30, 0, 1, "0.88830602169036865" 
2, ptrel, up_gluonsplitting, 0, -2.4, 2.4, 30, 50, 0, 1, "0.88397699594497681" 
2, ptrel, up_gluonsplitting, 0, -2.4, 2.4, 50, 70, 0, 1, "0.88375598192214966" 
2, ptrel, up_gluonsplitting, 0, -2.4, 2.4, 70, 100, 0, 1, "0.83868104219436646" 
2, ptrel, up_gluonsplitting, 0, -2.4, 2.4, 100, 140, 0, 1, "0.858784019947052" 
2, ptrel, up_gluonsplitting, 0, -2.4, 2.4, 140, 200, 0, 1, "0.77434396743774414" 
2, ptrel, up_gluonsplitting, 0, -2.4, 2.4, 200, 300, 0, 1, "0.71038103103637695" 
2, ptrel, up_gluonsplitting, 0, -2.4, 2.4, 300, 600, 0, 1, "0.81682097911834717" 
2, ptrel, up_gluonsplitting, 0, -2.4, 2.4, 600, 1000, 0, 1, "0.93740600347518921" 
2, ptrel, up_gluonsplitting, 0, -2.4, 2.4, 1000, 1400, 0, 1, "0.86832797527313232" 
2, ptrel, up_jes, 0, -2.4, 2.4, 20, 30, 0, 1, "0.86596602201461792" 
2, ptrel, up_jes, 0, -2.4, 2.4, 30, 50, 0, 1, "0.88253802061080933" 
2, ptrel, up_jes, 0, -2.4, 2.4, 50, 70, 0, 1, "0.89370501041412354" 
2, ptrel, up_jes, 0, -2.4, 2.4, 70, 100, 0, 1, "0.84466302394866943" 
2, ptrel, up_jes, 0, -2.4, 2.4, 100, 140, 0, 1, "0.85712802410125732" 
2, ptrel, up_jes, 0, -2.4, 2.4, 140, 200, 0, 1, "0.8267970085144043" 
2, ptrel, up_jes, 0, -2.4, 2.4, 200, 300, 0, 1, "0.7959820032119751" 
2, ptrel, up_jes, 0, -2.4, 2.4, 300, 600, 0, 1, "0.8267509937286377" 
2, ptrel, up_jes, 0, -2.4, 2.4, 600, 1000, 0, 1, "0.93740600347518921" 
2, ptrel, up_jes, 0, -2.4, 2.4, 1000, 1400, 0, 1, "0.86832797527313232" 
2, ptrel, up_jetaway, 0, -2.4, 2.4, 20, 30, 0, 1, "0.91317498683929443" 
2, ptrel, up_jetaway, 0, -2.4, 2.4, 30, 50, 0, 1, "0.88476502895355225" 
2, ptrel, up_jetaway, 0, -2.4, 2.4, 50, 70, 0, 1, "0.91298997402191162" 
2, ptrel, up_jetaway, 0, -2.4, 2.4, 70, 100, 0, 1, "0.86190503835678101" 
2, ptrel, up_jetaway, 0, -2.4, 2.4, 100, 140, 0, 1, "0.86696499586105347" 
2, ptrel, up_jetaway, 0, -2.4, 2.4, 140, 200, 0, 1, "0.85272896289825439" 
2, ptrel, up_jetaway, 0, -2.4, 2.4, 200, 300, 0, 1, "0.83110499382019043" 
2, ptrel, up_jetaway, 0, -2.4, 2.4, 300, 600, 0, 1, "0.8745189905166626" 
2, ptrel, up_jetaway, 0, -2.4, 2.4, 600, 1000, 0, 1, "0.93740600347518921" 
2, ptrel, up_jetaway, 0, -2.4, 2.4, 1000, 1400, 0, 1, "0.86832797527313232" 
2, ptrel, up_l2c, 0, -2.4, 2.4, 20, 30, 0, 1, "0.89350706338882446" 
2, ptrel, up_l2c, 0, -2.4, 2.4, 30, 50, 0, 1, "0.879597008228302" 
2, ptrel, up_l2c, 0, -2.4, 2.4, 50, 70, 0, 1, "0.87980997562408447" 
2, ptrel, up_l2c, 0, -2.4, 2.4, 70, 100, 0, 1, "0.83115702867507935" 
2, ptrel, up_l2c, 0, -2.4, 2.4, 100, 140, 0, 1, "0.83021301031112671" 
2, ptrel, up_l2c, 0, -2.4, 2.4, 140, 200, 0, 1, "0.74470996856689453" 
2, ptrel, up_l2c, 0, -2.4, 2.4, 200, 300, 0, 1, "0.7959820032119751" 
2, ptrel, up_l2c, 0, -2.4, 2.4, 300, 600, 0, 1, "0.81682097911834717" 
2, ptrel, up_l2c, 0, -2.4, 2.4, 600, 1000, 0, 1, "0.93740600347518921" 
2, ptrel, up_l2c, 0, -2.4, 2.4, 1000, 1400, 0, 1, "0.86832797527313232" 
2, ptrel, up_mudr, 0, -2.4, 2.4, 20, 30, 0, 1, "0.82898300886154175" 
2, ptrel, up_mudr, 0, -2.4, 2.4, 30, 50, 0, 1, "0.86803197860717773" 
2, ptrel, up_mudr, 0, -2.4, 2.4, 50, 70, 0, 1, "0.85359102487564087" 
2, ptrel, up_mudr, 0, -2.4, 2.4, 70, 100, 0, 1, "0.81161898374557495" 
2, ptrel, up_mudr, 0, -2.4, 2.4, 100, 140, 0, 1, "0.86228299140930176" 
2, ptrel, up_mudr, 0, -2.4, 2.4, 140, 200, 0, 1, "0.73027700185775757" 
2, ptrel, up_mudr, 0, -2.4, 2.4, 200, 300, 0, 1, "0.72593700885772705" 
2, ptrel, up_mudr, 0, -2.4, 2.4, 300, 600, 0, 1, "0.81682097911834717" 
2, ptrel, up_mudr, 0, -2.4, 2.4, 600, 1000, 0, 1, "0.93740600347518921" 
2, ptrel, up_mudr, 0, -2.4, 2.4, 1000, 1400, 0, 1, "0.86832797527313232" 
2, ptrel, up_mupt, 0, -2.4, 2.4, 20, 30, 0, 1, "0.92119002342224121" 
2, ptrel, up_mupt, 0, -2.4, 2.4, 30, 50, 0, 1, "0.86931002140045166" 
2, ptrel, up_mupt, 0, -2.4, 2.4, 50, 70, 0, 1, "0.87147301435470581" 
2, ptrel, up_mupt, 0, -2.4, 2.4, 70, 100, 0, 1, "0.83003902435302734" 
2, ptrel, up_mupt, 0, -2.4, 2.4, 100, 140, 0, 1, "0.83780097961425781" 
2, ptrel, up_mupt, 0, -2.4, 2.4, 140, 200, 0, 1, "0.81153899431228638" 
2, ptrel, up_mupt, 0, -2.4, 2.4, 200, 300, 0, 1, "0.75006496906280518" 
2, ptrel, up_mupt, 0, -2.4, 2.4, 300, 600, 0, 1, "0.76928997039794922" 
2, ptrel, up_mupt, 0, -2.4, 2.4, 600, 1000, 0, 1, "0.84988099336624146" 
2, ptrel, up_mupt, 0, -2.4, 2.4, 1000, 1400, 0, 1, "0.86832797527313232" 
2, ptrel, up_pileup, 0, -2.4, 2.4, 20, 30, 0, 1, "0.90194100141525269" 
2, ptrel, up_pileup, 0, -2.4, 2.4, 30, 50, 0, 1, "0.89168500900268555" 
2, ptrel, up_pileup, 0, -2.4, 2.4, 50, 70, 0, 1, "0.89275598526000977" 
2, ptrel, up_pileup, 0, -2.4, 2.4, 70, 100, 0, 1, "0.84958600997924805" 
2, ptrel, up_pileup, 0, -2.4, 2.4, 100, 140, 0, 1, "0.88069599866867065" 
2, ptrel, up_pileup, 0, -2.4, 2.4, 140, 200, 0, 1, "0.82609295845031738" 
2, ptrel, up_pileup, 0, -2.4, 2.4, 200, 300, 0, 1, "0.7959820032119751" 
2, ptrel, up_pileup, 0, -2.4, 2.4, 300, 600, 0, 1, "0.82706397771835327" 
2, ptrel, up_pileup, 0, -2.4, 2.4, 600, 1000, 0, 1, "0.93740600347518921" 
2, ptrel, up_pileup, 0, -2.4, 2.4, 1000, 1400, 0, 1, "0.86832797527313232" 
2, ptrel, up_statistic, 0, -2.4, 2.4, 20, 30, 0, 1, "0.93508613109588623" 
2, ptrel, up_statistic, 0, -2.4, 2.4, 30, 50, 0, 1, "0.89993327856063843" 
2, ptrel, up_statistic, 0, -2.4, 2.4, 50, 70, 0, 1, "0.90607857704162598" 
2, ptrel, up_statistic, 0, -2.4, 2.4, 70, 100, 0, 1, "0.86648470163345337" 
2, ptrel, up_statistic, 0, -2.4, 2.4, 100, 140, 0, 1, "1.0255160331726074" 
2, ptrel, up_statistic, 0, -2.4, 2.4, 140, 200, 0, 1, "0.84857177734375" 
2, ptrel, up_statistic, 0, -2.4, 2.4, 200, 300, 0, 1, "0.81622803211212158" 
2, ptrel, up_statistic, 0, -2.4, 2.4, 300, 600, 0, 1, "1.0036579370498657" 
2, ptrel, up_statistic, 0, -2.4, 2.4, 600, 1000, 0, 1, "1.2434380054473877" 
2, ptrel, up_statistic, 0, -2.4, 2.4, 1000, 1400, 0, 1, "1.6063508987426758" 
