DeepCSV;OperatingPoint, measurementType, sysType, jetFlavor, etaMin, etaMax, ptMin, ptMax, discrMin, discrMax, formula 
0, comb, central, 1, -2.5, 2.5, 20, 1000, 0, 1, "0.947601+0.000960685*log(x+19)*log(x+18)*(3-0.262649*log(x+18))" 
0, comb, central, 0, -2.5, 2.5, 20, 1000, 0, 1, "0.947601+0.000960685*log(x+19)*log(x+18)*(3-0.262649*log(x+18))" 
0, comb, down, 1, -2.5, 2.5, 20, 30, 0, 1, "0.947601+0.000960685*log(x+19)*log(x+18)*(3-0.262649*log(x+18))-0.06456785649061203" 
0, comb, down, 1, -2.5, 2.5, 30, 50, 0, 1, "0.947601+0.000960685*log(x+19)*log(x+18)*(3-0.262649*log(x+18))-0.020591497421264648" 
0, comb, down, 1, -2.5, 2.5, 50, 70, 0, 1, "0.947601+0.000960685*log(x+19)*log(x+18)*(3-0.262649*log(x+18))-0.02950499951839447" 
0, comb, down, 1, -2.5, 2.5, 70, 100, 0, 1, "0.947601+0.000960685*log(x+19)*log(x+18)*(3-0.262649*log(x+18))-0.03330589085817337" 
0, comb, down, 1, -2.5, 2.5, 100, 140, 0, 1, "0.947601+0.000960685*log(x+19)*log(x+18)*(3-0.262649*log(x+18))-0.025734046474099159" 
0, comb, down, 1, -2.5, 2.5, 140, 200, 0, 1, "0.947601+0.000960685*log(x+19)*log(x+18)*(3-0.262649*log(x+18))-0.028235698118805885" 
0, comb, down, 1, -2.5, 2.5, 200, 300, 0, 1, "0.947601+0.000960685*log(x+19)*log(x+18)*(3-0.262649*log(x+18))-0.13103105127811432" 
0, comb, down, 1, -2.5, 2.5, 300, 600, 0, 1, "0.947601+0.000960685*log(x+19)*log(x+18)*(3-0.262649*log(x+18))-0.14610058069229126" 
0, comb, down, 1, -2.5, 2.5, 600, 1000, 0, 1, "0.947601+0.000960685*log(x+19)*log(x+18)*(3-0.262649*log(x+18))-0.19925080239772797" 
0, comb, down, 0, -2.5, 2.5, 20, 30, 0, 1, "0.947601+0.000960685*log(x+19)*log(x+18)*(3-0.262649*log(x+18))-0.025827141478657722" 
0, comb, down, 0, -2.5, 2.5, 30, 50, 0, 1, "0.947601+0.000960685*log(x+19)*log(x+18)*(3-0.262649*log(x+18))-0.0082365991547703743" 
0, comb, down, 0, -2.5, 2.5, 50, 70, 0, 1, "0.947601+0.000960685*log(x+19)*log(x+18)*(3-0.262649*log(x+18))-0.011801999993622303" 
0, comb, down, 0, -2.5, 2.5, 70, 100, 0, 1, "0.947601+0.000960685*log(x+19)*log(x+18)*(3-0.262649*log(x+18))-0.013322356157004833" 
0, comb, down, 0, -2.5, 2.5, 100, 140, 0, 1, "0.947601+0.000960685*log(x+19)*log(x+18)*(3-0.262649*log(x+18))-0.010293618775904179" 
0, comb, down, 0, -2.5, 2.5, 140, 200, 0, 1, "0.947601+0.000960685*log(x+19)*log(x+18)*(3-0.262649*log(x+18))-0.011294279247522354" 
0, comb, down, 0, -2.5, 2.5, 200, 300, 0, 1, "0.947601+0.000960685*log(x+19)*log(x+18)*(3-0.262649*log(x+18))-0.052412420511245728" 
0, comb, down, 0, -2.5, 2.5, 300, 600, 0, 1, "0.947601+0.000960685*log(x+19)*log(x+18)*(3-0.262649*log(x+18))-0.058440234512090683" 
0, comb, down, 0, -2.5, 2.5, 600, 1000, 0, 1, "0.947601+0.000960685*log(x+19)*log(x+18)*(3-0.262649*log(x+18))-0.079700320959091187" 
0, comb, down_correlated, 1, -2.5, 2.5, 100, 140, 0, 1, "0.947601+0.000960685*log(x+19)*log(x+18)*(3-0.262649*log(x+18))-0.00710473243912" 
0, comb, down_correlated, 1, -2.5, 2.5, 70, 100, 0, 1, "0.947601+0.000960685*log(x+19)*log(x+18)*(3-0.262649*log(x+18))-0.017507735165" 
0, comb, down_correlated, 1, -2.5, 2.5, 200, 300, 0, 1, "0.947601+0.000960685*log(x+19)*log(x+18)*(3-0.262649*log(x+18))-0.115430236949" 
0, comb, down_correlated, 1, -2.5, 2.5, 300, 600, 0, 1, "0.947601+0.000960685*log(x+19)*log(x+18)*(3-0.262649*log(x+18))-0.123790242072" 
0, comb, down_correlated, 1, -2.5, 2.5, 140, 200, 0, 1, "0.947601+0.000960685*log(x+19)*log(x+18)*(3-0.262649*log(x+18))-0.00739998587024" 
0, comb, down_correlated, 1, -2.5, 2.5, 50, 70, 0, 1, "0.947601+0.000960685*log(x+19)*log(x+18)*(3-0.262649*log(x+18))-0.0228580938985" 
0, comb, down_correlated, 1, -2.5, 2.5, 20, 30, 0, 1, "0.947601+0.000960685*log(x+19)*log(x+18)*(3-0.262649*log(x+18))-0.0593498196171" 
0, comb, down_correlated, 1, -2.5, 2.5, 600, 1000, 0, 1, "0.947601+0.000960685*log(x+19)*log(x+18)*(3-0.262649*log(x+18))-0.095181677256" 
0, comb, down_correlated, 1, -2.5, 2.5, 30, 50, 0, 1, "0.947601+0.000960685*log(x+19)*log(x+18)*(3-0.262649*log(x+18))-0.0172699291185" 
0, comb, down_correlated, 0, -2.5, 2.5, 100, 140, 0, 1, "0.947601+0.000960685*log(x+19)*log(x+18)*(3-0.262649*log(x+18))-0.00284189300187" 
0, comb, down_correlated, 0, -2.5, 2.5, 70, 100, 0, 1, "0.947601+0.000960685*log(x+19)*log(x+18)*(3-0.262649*log(x+18))-0.00700309401311" 
0, comb, down_correlated, 0, -2.5, 2.5, 200, 300, 0, 1, "0.947601+0.000960685*log(x+19)*log(x+18)*(3-0.262649*log(x+18))-0.0461720945797" 
0, comb, down_correlated, 0, -2.5, 2.5, 300, 600, 0, 1, "0.947601+0.000960685*log(x+19)*log(x+18)*(3-0.262649*log(x+18))-0.0495160989996" 
0, comb, down_correlated, 0, -2.5, 2.5, 140, 200, 0, 1, "0.947601+0.000960685*log(x+19)*log(x+18)*(3-0.262649*log(x+18))-0.00295999366222" 
0, comb, down_correlated, 0, -2.5, 2.5, 50, 70, 0, 1, "0.947601+0.000960685*log(x+19)*log(x+18)*(3-0.262649*log(x+18))-0.00914323772382" 
0, comb, down_correlated, 0, -2.5, 2.5, 20, 30, 0, 1, "0.947601+0.000960685*log(x+19)*log(x+18)*(3-0.262649*log(x+18))-0.023739926631" 
0, comb, down_correlated, 0, -2.5, 2.5, 600, 1000, 0, 1, "0.947601+0.000960685*log(x+19)*log(x+18)*(3-0.262649*log(x+18))-0.0380726654215" 
0, comb, down_correlated, 0, -2.5, 2.5, 30, 50, 0, 1, "0.947601+0.000960685*log(x+19)*log(x+18)*(3-0.262649*log(x+18))-0.00690797186949" 
0, comb, down_uncorrelated, 1, -2.5, 2.5, 100, 140, 0, 1, "0.947601+0.000960685*log(x+19)*log(x+18)*(3-0.262649*log(x+18))-0.0247338619083" 
0, comb, down_uncorrelated, 1, -2.5, 2.5, 70, 100, 0, 1, "0.947601+0.000960685*log(x+19)*log(x+18)*(3-0.262649*log(x+18))-0.0283330474049" 
0, comb, down_uncorrelated, 1, -2.5, 2.5, 200, 300, 0, 1, "0.947601+0.000960685*log(x+19)*log(x+18)*(3-0.262649*log(x+18))-0.0620080381632" 
0, comb, down_uncorrelated, 1, -2.5, 2.5, 300, 600, 0, 1, "0.947601+0.000960685*log(x+19)*log(x+18)*(3-0.262649*log(x+18))-0.0775973945856" 
0, comb, down_uncorrelated, 1, -2.5, 2.5, 140, 200, 0, 1, "0.947601+0.000960685*log(x+19)*log(x+18)*(3-0.262649*log(x+18))-0.0272487588227" 
0, comb, down_uncorrelated, 1, -2.5, 2.5, 50, 70, 0, 1, "0.947601+0.000960685*log(x+19)*log(x+18)*(3-0.262649*log(x+18))-0.0186561662704" 
0, comb, down_uncorrelated, 1, -2.5, 2.5, 20, 30, 0, 1, "0.947601+0.000960685*log(x+19)*log(x+18)*(3-0.262649*log(x+18))-0.0254284683615" 
0, comb, down_uncorrelated, 1, -2.5, 2.5, 600, 1000, 0, 1, "0.947601+0.000960685*log(x+19)*log(x+18)*(3-0.262649*log(x+18))-0.175046652555" 
0, comb, down_uncorrelated, 1, -2.5, 2.5, 30, 50, 0, 1, "0.947601+0.000960685*log(x+19)*log(x+18)*(3-0.262649*log(x+18))-0.0112142460421" 
0, comb, down_uncorrelated, 0, -2.5, 2.5, 100, 140, 0, 1, "0.947601+0.000960685*log(x+19)*log(x+18)*(3-0.262649*log(x+18))-0.00989354494959" 
0, comb, down_uncorrelated, 0, -2.5, 2.5, 70, 100, 0, 1, "0.947601+0.000960685*log(x+19)*log(x+18)*(3-0.262649*log(x+18))-0.0113332187757" 
0, comb, down_uncorrelated, 0, -2.5, 2.5, 200, 300, 0, 1, "0.947601+0.000960685*log(x+19)*log(x+18)*(3-0.262649*log(x+18))-0.0248032156378" 
0, comb, down_uncorrelated, 0, -2.5, 2.5, 300, 600, 0, 1, "0.947601+0.000960685*log(x+19)*log(x+18)*(3-0.262649*log(x+18))-0.0310389585793" 
0, comb, down_uncorrelated, 0, -2.5, 2.5, 140, 200, 0, 1, "0.947601+0.000960685*log(x+19)*log(x+18)*(3-0.262649*log(x+18))-0.0108995037153" 
0, comb, down_uncorrelated, 0, -2.5, 2.5, 50, 70, 0, 1, "0.947601+0.000960685*log(x+19)*log(x+18)*(3-0.262649*log(x+18))-0.00746246660128" 
0, comb, down_uncorrelated, 0, -2.5, 2.5, 20, 30, 0, 1, "0.947601+0.000960685*log(x+19)*log(x+18)*(3-0.262649*log(x+18))-0.0101713873446" 
0, comb, down_uncorrelated, 0, -2.5, 2.5, 600, 1000, 0, 1, "0.947601+0.000960685*log(x+19)*log(x+18)*(3-0.262649*log(x+18))-0.0700186640024" 
0, comb, down_uncorrelated, 0, -2.5, 2.5, 30, 50, 0, 1, "0.947601+0.000960685*log(x+19)*log(x+18)*(3-0.262649*log(x+18))-0.00448569841683" 
0, comb, up, 1, -2.5, 2.5, 20, 30, 0, 1, "0.947601+0.000960685*log(x+19)*log(x+18)*(3-0.262649*log(x+18))+0.06456785649061203" 
0, comb, up, 1, -2.5, 2.5, 30, 50, 0, 1, "0.947601+0.000960685*log(x+19)*log(x+18)*(3-0.262649*log(x+18))+0.020591497421264648" 
0, comb, up, 1, -2.5, 2.5, 50, 70, 0, 1, "0.947601+0.000960685*log(x+19)*log(x+18)*(3-0.262649*log(x+18))+0.02950499951839447" 
0, comb, up, 1, -2.5, 2.5, 70, 100, 0, 1, "0.947601+0.000960685*log(x+19)*log(x+18)*(3-0.262649*log(x+18))+0.03330589085817337" 
0, comb, up, 1, -2.5, 2.5, 100, 140, 0, 1, "0.947601+0.000960685*log(x+19)*log(x+18)*(3-0.262649*log(x+18))+0.025734046474099159" 
0, comb, up, 1, -2.5, 2.5, 140, 200, 0, 1, "0.947601+0.000960685*log(x+19)*log(x+18)*(3-0.262649*log(x+18))+0.028235698118805885" 
0, comb, up, 1, -2.5, 2.5, 200, 300, 0, 1, "0.947601+0.000960685*log(x+19)*log(x+18)*(3-0.262649*log(x+18))+0.13103105127811432" 
0, comb, up, 1, -2.5, 2.5, 300, 600, 0, 1, "0.947601+0.000960685*log(x+19)*log(x+18)*(3-0.262649*log(x+18))+0.14610058069229126" 
0, comb, up, 1, -2.5, 2.5, 600, 1000, 0, 1, "0.947601+0.000960685*log(x+19)*log(x+18)*(3-0.262649*log(x+18))+0.19925080239772797" 
0, comb, up, 0, -2.5, 2.5, 20, 30, 0, 1, "0.947601+0.000960685*log(x+19)*log(x+18)*(3-0.262649*log(x+18))+0.025827141478657722" 
0, comb, up, 0, -2.5, 2.5, 30, 50, 0, 1, "0.947601+0.000960685*log(x+19)*log(x+18)*(3-0.262649*log(x+18))+0.0082365991547703743" 
0, comb, up, 0, -2.5, 2.5, 50, 70, 0, 1, "0.947601+0.000960685*log(x+19)*log(x+18)*(3-0.262649*log(x+18))+0.011801999993622303" 
0, comb, up, 0, -2.5, 2.5, 70, 100, 0, 1, "0.947601+0.000960685*log(x+19)*log(x+18)*(3-0.262649*log(x+18))+0.013322356157004833" 
0, comb, up, 0, -2.5, 2.5, 100, 140, 0, 1, "0.947601+0.000960685*log(x+19)*log(x+18)*(3-0.262649*log(x+18))+0.010293618775904179" 
0, comb, up, 0, -2.5, 2.5, 140, 200, 0, 1, "0.947601+0.000960685*log(x+19)*log(x+18)*(3-0.262649*log(x+18))+0.011294279247522354" 
0, comb, up, 0, -2.5, 2.5, 200, 300, 0, 1, "0.947601+0.000960685*log(x+19)*log(x+18)*(3-0.262649*log(x+18))+0.052412420511245728" 
0, comb, up, 0, -2.5, 2.5, 300, 600, 0, 1, "0.947601+0.000960685*log(x+19)*log(x+18)*(3-0.262649*log(x+18))+0.058440234512090683" 
0, comb, up, 0, -2.5, 2.5, 600, 1000, 0, 1, "0.947601+0.000960685*log(x+19)*log(x+18)*(3-0.262649*log(x+18))+0.079700320959091187" 
0, comb, up_correlated, 1, -2.5, 2.5, 100, 140, 0, 1, "0.947601+0.000960685*log(x+19)*log(x+18)*(3-0.262649*log(x+18))+0.00710473243912" 
0, comb, up_correlated, 1, -2.5, 2.5, 70, 100, 0, 1, "0.947601+0.000960685*log(x+19)*log(x+18)*(3-0.262649*log(x+18))+0.017507735165" 
0, comb, up_correlated, 1, -2.5, 2.5, 200, 300, 0, 1, "0.947601+0.000960685*log(x+19)*log(x+18)*(3-0.262649*log(x+18))+0.115430236949" 
0, comb, up_correlated, 1, -2.5, 2.5, 300, 600, 0, 1, "0.947601+0.000960685*log(x+19)*log(x+18)*(3-0.262649*log(x+18))+0.123790242072" 
0, comb, up_correlated, 1, -2.5, 2.5, 140, 200, 0, 1, "0.947601+0.000960685*log(x+19)*log(x+18)*(3-0.262649*log(x+18))+0.00739998587024" 
0, comb, up_correlated, 1, -2.5, 2.5, 50, 70, 0, 1, "0.947601+0.000960685*log(x+19)*log(x+18)*(3-0.262649*log(x+18))+0.0228580938985" 
0, comb, up_correlated, 1, -2.5, 2.5, 20, 30, 0, 1, "0.947601+0.000960685*log(x+19)*log(x+18)*(3-0.262649*log(x+18))+0.0593498196171" 
0, comb, up_correlated, 1, -2.5, 2.5, 600, 1000, 0, 1, "0.947601+0.000960685*log(x+19)*log(x+18)*(3-0.262649*log(x+18))+0.095181677256" 
0, comb, up_correlated, 1, -2.5, 2.5, 30, 50, 0, 1, "0.947601+0.000960685*log(x+19)*log(x+18)*(3-0.262649*log(x+18))+0.0172699291185" 
0, comb, up_correlated, 0, -2.5, 2.5, 100, 140, 0, 1, "0.947601+0.000960685*log(x+19)*log(x+18)*(3-0.262649*log(x+18))+0.00284189300187" 
0, comb, up_correlated, 0, -2.5, 2.5, 70, 100, 0, 1, "0.947601+0.000960685*log(x+19)*log(x+18)*(3-0.262649*log(x+18))+0.00700309401311" 
0, comb, up_correlated, 0, -2.5, 2.5, 200, 300, 0, 1, "0.947601+0.000960685*log(x+19)*log(x+18)*(3-0.262649*log(x+18))+0.0461720945797" 
0, comb, up_correlated, 0, -2.5, 2.5, 300, 600, 0, 1, "0.947601+0.000960685*log(x+19)*log(x+18)*(3-0.262649*log(x+18))+0.0495160989996" 
0, comb, up_correlated, 0, -2.5, 2.5, 140, 200, 0, 1, "0.947601+0.000960685*log(x+19)*log(x+18)*(3-0.262649*log(x+18))+0.00295999366222" 
0, comb, up_correlated, 0, -2.5, 2.5, 50, 70, 0, 1, "0.947601+0.000960685*log(x+19)*log(x+18)*(3-0.262649*log(x+18))+0.00914323772382" 
0, comb, up_correlated, 0, -2.5, 2.5, 20, 30, 0, 1, "0.947601+0.000960685*log(x+19)*log(x+18)*(3-0.262649*log(x+18))+0.023739926631" 
0, comb, up_correlated, 0, -2.5, 2.5, 600, 1000, 0, 1, "0.947601+0.000960685*log(x+19)*log(x+18)*(3-0.262649*log(x+18))+0.0380726654215" 
0, comb, up_correlated, 0, -2.5, 2.5, 30, 50, 0, 1, "0.947601+0.000960685*log(x+19)*log(x+18)*(3-0.262649*log(x+18))+0.00690797186949" 
0, comb, up_uncorrelated, 1, -2.5, 2.5, 100, 140, 0, 1, "0.947601+0.000960685*log(x+19)*log(x+18)*(3-0.262649*log(x+18))+0.0247338619083" 
0, comb, up_uncorrelated, 1, -2.5, 2.5, 70, 100, 0, 1, "0.947601+0.000960685*log(x+19)*log(x+18)*(3-0.262649*log(x+18))+0.0283330474049" 
0, comb, up_uncorrelated, 1, -2.5, 2.5, 200, 300, 0, 1, "0.947601+0.000960685*log(x+19)*log(x+18)*(3-0.262649*log(x+18))+0.0620080381632" 
0, comb, up_uncorrelated, 1, -2.5, 2.5, 300, 600, 0, 1, "0.947601+0.000960685*log(x+19)*log(x+18)*(3-0.262649*log(x+18))+0.0775973945856" 
0, comb, up_uncorrelated, 1, -2.5, 2.5, 140, 200, 0, 1, "0.947601+0.000960685*log(x+19)*log(x+18)*(3-0.262649*log(x+18))+0.0272487588227" 
0, comb, up_uncorrelated, 1, -2.5, 2.5, 50, 70, 0, 1, "0.947601+0.000960685*log(x+19)*log(x+18)*(3-0.262649*log(x+18))+0.0186561662704" 
0, comb, up_uncorrelated, 1, -2.5, 2.5, 20, 30, 0, 1, "0.947601+0.000960685*log(x+19)*log(x+18)*(3-0.262649*log(x+18))+0.0254284683615" 
0, comb, up_uncorrelated, 1, -2.5, 2.5, 600, 1000, 0, 1, "0.947601+0.000960685*log(x+19)*log(x+18)*(3-0.262649*log(x+18))+0.175046652555" 
0, comb, up_uncorrelated, 1, -2.5, 2.5, 30, 50, 0, 1, "0.947601+0.000960685*log(x+19)*log(x+18)*(3-0.262649*log(x+18))+0.0112142460421" 
0, comb, up_uncorrelated, 0, -2.5, 2.5, 100, 140, 0, 1, "0.947601+0.000960685*log(x+19)*log(x+18)*(3-0.262649*log(x+18))+0.00989354494959" 
0, comb, up_uncorrelated, 0, -2.5, 2.5, 70, 100, 0, 1, "0.947601+0.000960685*log(x+19)*log(x+18)*(3-0.262649*log(x+18))+0.0113332187757" 
0, comb, up_uncorrelated, 0, -2.5, 2.5, 200, 300, 0, 1, "0.947601+0.000960685*log(x+19)*log(x+18)*(3-0.262649*log(x+18))+0.0248032156378" 
0, comb, up_uncorrelated, 0, -2.5, 2.5, 300, 600, 0, 1, "0.947601+0.000960685*log(x+19)*log(x+18)*(3-0.262649*log(x+18))+0.0310389585793" 
0, comb, up_uncorrelated, 0, -2.5, 2.5, 140, 200, 0, 1, "0.947601+0.000960685*log(x+19)*log(x+18)*(3-0.262649*log(x+18))+0.0108995037153" 
0, comb, up_uncorrelated, 0, -2.5, 2.5, 50, 70, 0, 1, "0.947601+0.000960685*log(x+19)*log(x+18)*(3-0.262649*log(x+18))+0.00746246660128" 
0, comb, up_uncorrelated, 0, -2.5, 2.5, 20, 30, 0, 1, "0.947601+0.000960685*log(x+19)*log(x+18)*(3-0.262649*log(x+18))+0.0101713873446" 
0, comb, up_uncorrelated, 0, -2.5, 2.5, 600, 1000, 0, 1, "0.947601+0.000960685*log(x+19)*log(x+18)*(3-0.262649*log(x+18))+0.0700186640024" 
0, comb, up_uncorrelated, 0, -2.5, 2.5, 30, 50, 0, 1, "0.947601+0.000960685*log(x+19)*log(x+18)*(3-0.262649*log(x+18))+0.00448569841683" 
0, mujets, central, 1, -2.5, 2.5, 20, 1000, 0, 1, "1.18937+-0.00857724*log(x+19)*log(x+18)*(3-0.383847*log(x+18))" 
0, mujets, central, 0, -2.5, 2.5, 20, 1000, 0, 1, "1.18937+-0.00857724*log(x+19)*log(x+18)*(3-0.383847*log(x+18))" 
0, mujets, down, 1, -2.5, 2.5, 20, 30, 0, 1, "1.18937+-0.00857724*log(x+19)*log(x+18)*(3-0.383847*log(x+18))-0.066913552582263947" 
0, mujets, down, 1, -2.5, 2.5, 30, 50, 0, 1, "1.18937+-0.00857724*log(x+19)*log(x+18)*(3-0.383847*log(x+18))-0.02244526706635952" 
0, mujets, down, 1, -2.5, 2.5, 50, 70, 0, 1, "1.18937+-0.00857724*log(x+19)*log(x+18)*(3-0.383847*log(x+18))-0.038194619119167328" 
0, mujets, down, 1, -2.5, 2.5, 70, 100, 0, 1, "1.18937+-0.00857724*log(x+19)*log(x+18)*(3-0.383847*log(x+18))-0.076192915439605713" 
0, mujets, down, 1, -2.5, 2.5, 100, 140, 0, 1, "1.18937+-0.00857724*log(x+19)*log(x+18)*(3-0.383847*log(x+18))-0.10599268972873688" 
0, mujets, down, 1, -2.5, 2.5, 140, 200, 0, 1, "1.18937+-0.00857724*log(x+19)*log(x+18)*(3-0.383847*log(x+18))-0.15883654356002808" 
0, mujets, down, 1, -2.5, 2.5, 200, 300, 0, 1, "1.18937+-0.00857724*log(x+19)*log(x+18)*(3-0.383847*log(x+18))-0.15170833468437195" 
0, mujets, down, 1, -2.5, 2.5, 300, 600, 0, 1, "1.18937+-0.00857724*log(x+19)*log(x+18)*(3-0.383847*log(x+18))-0.17656399309635162" 
0, mujets, down, 1, -2.5, 2.5, 600, 1000, 0, 1, "1.18937+-0.00857724*log(x+19)*log(x+18)*(3-0.383847*log(x+18))-0.2061038613319397" 
0, mujets, down, 0, -2.5, 2.5, 20, 30, 0, 1, "1.18937+-0.00857724*log(x+19)*log(x+18)*(3-0.383847*log(x+18))-0.026765421032905579" 
0, mujets, down, 0, -2.5, 2.5, 30, 50, 0, 1, "1.18937+-0.00857724*log(x+19)*log(x+18)*(3-0.383847*log(x+18))-0.0089781070128083229" 
0, mujets, down, 0, -2.5, 2.5, 50, 70, 0, 1, "1.18937+-0.00857724*log(x+19)*log(x+18)*(3-0.383847*log(x+18))-0.015277847647666931" 
0, mujets, down, 0, -2.5, 2.5, 70, 100, 0, 1, "1.18937+-0.00857724*log(x+19)*log(x+18)*(3-0.383847*log(x+18))-0.030477166175842285" 
0, mujets, down, 0, -2.5, 2.5, 100, 140, 0, 1, "1.18937+-0.00857724*log(x+19)*log(x+18)*(3-0.383847*log(x+18))-0.042397074401378632" 
0, mujets, down, 0, -2.5, 2.5, 140, 200, 0, 1, "1.18937+-0.00857724*log(x+19)*log(x+18)*(3-0.383847*log(x+18))-0.06353461742401123" 
0, mujets, down, 0, -2.5, 2.5, 200, 300, 0, 1, "1.18937+-0.00857724*log(x+19)*log(x+18)*(3-0.383847*log(x+18))-0.06068333238363266" 
0, mujets, down, 0, -2.5, 2.5, 300, 600, 0, 1, "1.18937+-0.00857724*log(x+19)*log(x+18)*(3-0.383847*log(x+18))-0.07062559574842453" 
0, mujets, down, 0, -2.5, 2.5, 600, 1000, 0, 1, "1.18937+-0.00857724*log(x+19)*log(x+18)*(3-0.383847*log(x+18))-0.082441546022891998" 
0, mujets, down_correlated, 1, -2.5, 2.5, 100, 140, 0, 1, "1.18937+-0.00857724*log(x+19)*log(x+18)*(3-0.383847*log(x+18))-0.0775826435633" 
0, mujets, down_correlated, 1, -2.5, 2.5, 70, 100, 0, 1, "1.18937+-0.00857724*log(x+19)*log(x+18)*(3-0.383847*log(x+18))-0.0736228603544" 
0, mujets, down_correlated, 1, -2.5, 2.5, 200, 300, 0, 1, "1.18937+-0.00857724*log(x+19)*log(x+18)*(3-0.383847*log(x+18))-0.126273699603" 
0, mujets, down_correlated, 1, -2.5, 2.5, 300, 600, 0, 1, "1.18937+-0.00857724*log(x+19)*log(x+18)*(3-0.383847*log(x+18))-0.137471675823" 
0, mujets, down_correlated, 1, -2.5, 2.5, 140, 200, 0, 1, "1.18937+-0.00857724*log(x+19)*log(x+18)*(3-0.383847*log(x+18))-0.143633248482" 
0, mujets, down_correlated, 1, -2.5, 2.5, 50, 70, 0, 1, "1.18937+-0.00857724*log(x+19)*log(x+18)*(3-0.383847*log(x+18))-0.0358365971921" 
0, mujets, down_correlated, 1, -2.5, 2.5, 20, 30, 0, 1, "1.18937+-0.00857724*log(x+19)*log(x+18)*(3-0.383847*log(x+18))-0.0617462291773" 
0, mujets, down_correlated, 1, -2.5, 2.5, 600, 1000, 0, 1, "1.18937+-0.00857724*log(x+19)*log(x+18)*(3-0.383847*log(x+18))-0.0994261487076" 
0, mujets, down_correlated, 1, -2.5, 2.5, 30, 50, 0, 1, "1.18937+-0.00857724*log(x+19)*log(x+18)*(3-0.383847*log(x+18))-0.0201137964136" 
0, mujets, down_correlated, 0, -2.5, 2.5, 100, 140, 0, 1, "1.18937+-0.00857724*log(x+19)*log(x+18)*(3-0.383847*log(x+18))-0.0310330543492" 
0, mujets, down_correlated, 0, -2.5, 2.5, 70, 100, 0, 1, "1.18937+-0.00857724*log(x+19)*log(x+18)*(3-0.383847*log(x+18))-0.0294491441914" 
0, mujets, down_correlated, 0, -2.5, 2.5, 200, 300, 0, 1, "1.18937+-0.00857724*log(x+19)*log(x+18)*(3-0.383847*log(x+18))-0.050509478051" 
0, mujets, down_correlated, 0, -2.5, 2.5, 300, 600, 0, 1, "1.18937+-0.00857724*log(x+19)*log(x+18)*(3-0.383847*log(x+18))-0.0549886696164" 
0, mujets, down_correlated, 0, -2.5, 2.5, 140, 200, 0, 1, "1.18937+-0.00857724*log(x+19)*log(x+18)*(3-0.383847*log(x+18))-0.0574532986893" 
0, mujets, down_correlated, 0, -2.5, 2.5, 50, 70, 0, 1, "1.18937+-0.00857724*log(x+19)*log(x+18)*(3-0.383847*log(x+18))-0.0143346388768" 
0, mujets, down_correlated, 0, -2.5, 2.5, 20, 30, 0, 1, "1.18937+-0.00857724*log(x+19)*log(x+18)*(3-0.383847*log(x+18))-0.0246984916709" 
0, mujets, down_correlated, 0, -2.5, 2.5, 600, 1000, 0, 1, "1.18937+-0.00857724*log(x+19)*log(x+18)*(3-0.383847*log(x+18))-0.0397704625719" 
0, mujets, down_correlated, 0, -2.5, 2.5, 30, 50, 0, 1, "1.18937+-0.00857724*log(x+19)*log(x+18)*(3-0.383847*log(x+18))-0.00804551872718" 
0, mujets, down_uncorrelated, 1, -2.5, 2.5, 100, 140, 0, 1, "1.18937+-0.00857724*log(x+19)*log(x+18)*(3-0.383847*log(x+18))-0.0722176134586" 
0, mujets, down_uncorrelated, 1, -2.5, 2.5, 70, 100, 0, 1, "1.18937+-0.00857724*log(x+19)*log(x+18)*(3-0.383847*log(x+18))-0.0196223035455" 
0, mujets, down_uncorrelated, 1, -2.5, 2.5, 200, 300, 0, 1, "1.18937+-0.00857724*log(x+19)*log(x+18)*(3-0.383847*log(x+18))-0.0840855017304" 
0, mujets, down_uncorrelated, 1, -2.5, 2.5, 300, 600, 0, 1, "1.18937+-0.00857724*log(x+19)*log(x+18)*(3-0.383847*log(x+18))-0.110798835754" 
0, mujets, down_uncorrelated, 1, -2.5, 2.5, 140, 200, 0, 1, "1.18937+-0.00857724*log(x+19)*log(x+18)*(3-0.383847*log(x+18))-0.0678125172853" 
0, mujets, down_uncorrelated, 1, -2.5, 2.5, 50, 70, 0, 1, "1.18937+-0.00857724*log(x+19)*log(x+18)*(3-0.383847*log(x+18))-0.0132123893127" 
0, mujets, down_uncorrelated, 1, -2.5, 2.5, 20, 30, 0, 1, "1.18937+-0.00857724*log(x+19)*log(x+18)*(3-0.383847*log(x+18))-0.025784233585" 
0, mujets, down_uncorrelated, 1, -2.5, 2.5, 600, 1000, 0, 1, "1.18937+-0.00857724*log(x+19)*log(x+18)*(3-0.383847*log(x+18))-0.18053598702" 
0, mujets, down_uncorrelated, 1, -2.5, 2.5, 30, 50, 0, 1, "1.18937+-0.00857724*log(x+19)*log(x+18)*(3-0.383847*log(x+18))-0.00996118504554" 
0, mujets, down_uncorrelated, 0, -2.5, 2.5, 100, 140, 0, 1, "1.18937+-0.00857724*log(x+19)*log(x+18)*(3-0.383847*log(x+18))-0.028887046501" 
0, mujets, down_uncorrelated, 0, -2.5, 2.5, 70, 100, 0, 1, "1.18937+-0.00857724*log(x+19)*log(x+18)*(3-0.383847*log(x+18))-0.00784892123193" 
0, mujets, down_uncorrelated, 0, -2.5, 2.5, 200, 300, 0, 1, "1.18937+-0.00857724*log(x+19)*log(x+18)*(3-0.383847*log(x+18))-0.0336342006922" 
0, mujets, down_uncorrelated, 0, -2.5, 2.5, 300, 600, 0, 1, "1.18937+-0.00857724*log(x+19)*log(x+18)*(3-0.383847*log(x+18))-0.0443195328116" 
0, mujets, down_uncorrelated, 0, -2.5, 2.5, 140, 200, 0, 1, "1.18937+-0.00857724*log(x+19)*log(x+18)*(3-0.383847*log(x+18))-0.0271250084043" 
0, mujets, down_uncorrelated, 0, -2.5, 2.5, 50, 70, 0, 1, "1.18937+-0.00857724*log(x+19)*log(x+18)*(3-0.383847*log(x+18))-0.00528495572507" 
0, mujets, down_uncorrelated, 0, -2.5, 2.5, 20, 30, 0, 1, "1.18937+-0.00857724*log(x+19)*log(x+18)*(3-0.383847*log(x+18))-0.010313693434" 
0, mujets, down_uncorrelated, 0, -2.5, 2.5, 600, 1000, 0, 1, "1.18937+-0.00857724*log(x+19)*log(x+18)*(3-0.383847*log(x+18))-0.0722143948078" 
0, mujets, down_uncorrelated, 0, -2.5, 2.5, 30, 50, 0, 1, "1.18937+-0.00857724*log(x+19)*log(x+18)*(3-0.383847*log(x+18))-0.00398447411135" 
0, mujets, up, 1, -2.5, 2.5, 20, 30, 0, 1, "1.18937+-0.00857724*log(x+19)*log(x+18)*(3-0.383847*log(x+18))+0.066913552582263947" 
0, mujets, up, 1, -2.5, 2.5, 30, 50, 0, 1, "1.18937+-0.00857724*log(x+19)*log(x+18)*(3-0.383847*log(x+18))+0.02244526706635952" 
0, mujets, up, 1, -2.5, 2.5, 50, 70, 0, 1, "1.18937+-0.00857724*log(x+19)*log(x+18)*(3-0.383847*log(x+18))+0.038194619119167328" 
0, mujets, up, 1, -2.5, 2.5, 70, 100, 0, 1, "1.18937+-0.00857724*log(x+19)*log(x+18)*(3-0.383847*log(x+18))+0.076192915439605713" 
0, mujets, up, 1, -2.5, 2.5, 100, 140, 0, 1, "1.18937+-0.00857724*log(x+19)*log(x+18)*(3-0.383847*log(x+18))+0.10599268972873688" 
0, mujets, up, 1, -2.5, 2.5, 140, 200, 0, 1, "1.18937+-0.00857724*log(x+19)*log(x+18)*(3-0.383847*log(x+18))+0.15883654356002808" 
0, mujets, up, 1, -2.5, 2.5, 200, 300, 0, 1, "1.18937+-0.00857724*log(x+19)*log(x+18)*(3-0.383847*log(x+18))+0.15170833468437195" 
0, mujets, up, 1, -2.5, 2.5, 300, 600, 0, 1, "1.18937+-0.00857724*log(x+19)*log(x+18)*(3-0.383847*log(x+18))+0.17656399309635162" 
0, mujets, up, 1, -2.5, 2.5, 600, 1000, 0, 1, "1.18937+-0.00857724*log(x+19)*log(x+18)*(3-0.383847*log(x+18))+0.2061038613319397" 
0, mujets, up, 0, -2.5, 2.5, 20, 30, 0, 1, "1.18937+-0.00857724*log(x+19)*log(x+18)*(3-0.383847*log(x+18))+0.026765421032905579" 
0, mujets, up, 0, -2.5, 2.5, 30, 50, 0, 1, "1.18937+-0.00857724*log(x+19)*log(x+18)*(3-0.383847*log(x+18))+0.0089781070128083229" 
0, mujets, up, 0, -2.5, 2.5, 50, 70, 0, 1, "1.18937+-0.00857724*log(x+19)*log(x+18)*(3-0.383847*log(x+18))+0.015277847647666931" 
0, mujets, up, 0, -2.5, 2.5, 70, 100, 0, 1, "1.18937+-0.00857724*log(x+19)*log(x+18)*(3-0.383847*log(x+18))+0.030477166175842285" 
0, mujets, up, 0, -2.5, 2.5, 100, 140, 0, 1, "1.18937+-0.00857724*log(x+19)*log(x+18)*(3-0.383847*log(x+18))+0.042397074401378632" 
0, mujets, up, 0, -2.5, 2.5, 140, 200, 0, 1, "1.18937+-0.00857724*log(x+19)*log(x+18)*(3-0.383847*log(x+18))+0.06353461742401123" 
0, mujets, up, 0, -2.5, 2.5, 200, 300, 0, 1, "1.18937+-0.00857724*log(x+19)*log(x+18)*(3-0.383847*log(x+18))+0.06068333238363266" 
0, mujets, up, 0, -2.5, 2.5, 300, 600, 0, 1, "1.18937+-0.00857724*log(x+19)*log(x+18)*(3-0.383847*log(x+18))+0.07062559574842453" 
0, mujets, up, 0, -2.5, 2.5, 600, 1000, 0, 1, "1.18937+-0.00857724*log(x+19)*log(x+18)*(3-0.383847*log(x+18))+0.082441546022891998" 
0, mujets, up_correlated, 1, -2.5, 2.5, 100, 140, 0, 1, "1.18937+-0.00857724*log(x+19)*log(x+18)*(3-0.383847*log(x+18))+0.0775826435633" 
0, mujets, up_correlated, 1, -2.5, 2.5, 70, 100, 0, 1, "1.18937+-0.00857724*log(x+19)*log(x+18)*(3-0.383847*log(x+18))+0.0736228603544" 
0, mujets, up_correlated, 1, -2.5, 2.5, 200, 300, 0, 1, "1.18937+-0.00857724*log(x+19)*log(x+18)*(3-0.383847*log(x+18))+0.126273699603" 
0, mujets, up_correlated, 1, -2.5, 2.5, 300, 600, 0, 1, "1.18937+-0.00857724*log(x+19)*log(x+18)*(3-0.383847*log(x+18))+0.137471675823" 
0, mujets, up_correlated, 1, -2.5, 2.5, 140, 200, 0, 1, "1.18937+-0.00857724*log(x+19)*log(x+18)*(3-0.383847*log(x+18))+0.143633248482" 
0, mujets, up_correlated, 1, -2.5, 2.5, 50, 70, 0, 1, "1.18937+-0.00857724*log(x+19)*log(x+18)*(3-0.383847*log(x+18))+0.0358365971921" 
0, mujets, up_correlated, 1, -2.5, 2.5, 20, 30, 0, 1, "1.18937+-0.00857724*log(x+19)*log(x+18)*(3-0.383847*log(x+18))+0.0617462291773" 
0, mujets, up_correlated, 1, -2.5, 2.5, 600, 1000, 0, 1, "1.18937+-0.00857724*log(x+19)*log(x+18)*(3-0.383847*log(x+18))+0.0994261487076" 
0, mujets, up_correlated, 1, -2.5, 2.5, 30, 50, 0, 1, "1.18937+-0.00857724*log(x+19)*log(x+18)*(3-0.383847*log(x+18))+0.0201137964136" 
0, mujets, up_correlated, 0, -2.5, 2.5, 100, 140, 0, 1, "1.18937+-0.00857724*log(x+19)*log(x+18)*(3-0.383847*log(x+18))+0.0310330543492" 
0, mujets, up_correlated, 0, -2.5, 2.5, 70, 100, 0, 1, "1.18937+-0.00857724*log(x+19)*log(x+18)*(3-0.383847*log(x+18))+0.0294491441914" 
0, mujets, up_correlated, 0, -2.5, 2.5, 200, 300, 0, 1, "1.18937+-0.00857724*log(x+19)*log(x+18)*(3-0.383847*log(x+18))+0.050509478051" 
0, mujets, up_correlated, 0, -2.5, 2.5, 300, 600, 0, 1, "1.18937+-0.00857724*log(x+19)*log(x+18)*(3-0.383847*log(x+18))+0.0549886696164" 
0, mujets, up_correlated, 0, -2.5, 2.5, 140, 200, 0, 1, "1.18937+-0.00857724*log(x+19)*log(x+18)*(3-0.383847*log(x+18))+0.0574532986893" 
0, mujets, up_correlated, 0, -2.5, 2.5, 50, 70, 0, 1, "1.18937+-0.00857724*log(x+19)*log(x+18)*(3-0.383847*log(x+18))+0.0143346388768" 
0, mujets, up_correlated, 0, -2.5, 2.5, 20, 30, 0, 1, "1.18937+-0.00857724*log(x+19)*log(x+18)*(3-0.383847*log(x+18))+0.0246984916709" 
0, mujets, up_correlated, 0, -2.5, 2.5, 600, 1000, 0, 1, "1.18937+-0.00857724*log(x+19)*log(x+18)*(3-0.383847*log(x+18))+0.0397704625719" 
0, mujets, up_correlated, 0, -2.5, 2.5, 30, 50, 0, 1, "1.18937+-0.00857724*log(x+19)*log(x+18)*(3-0.383847*log(x+18))+0.00804551872718" 
0, mujets, up_uncorrelated, 1, -2.5, 2.5, 100, 140, 0, 1, "1.18937+-0.00857724*log(x+19)*log(x+18)*(3-0.383847*log(x+18))+0.0722176134586" 
0, mujets, up_uncorrelated, 1, -2.5, 2.5, 70, 100, 0, 1, "1.18937+-0.00857724*log(x+19)*log(x+18)*(3-0.383847*log(x+18))+0.0196223035455" 
0, mujets, up_uncorrelated, 1, -2.5, 2.5, 200, 300, 0, 1, "1.18937+-0.00857724*log(x+19)*log(x+18)*(3-0.383847*log(x+18))+0.0840855017304" 
0, mujets, up_uncorrelated, 1, -2.5, 2.5, 300, 600, 0, 1, "1.18937+-0.00857724*log(x+19)*log(x+18)*(3-0.383847*log(x+18))+0.110798835754" 
0, mujets, up_uncorrelated, 1, -2.5, 2.5, 140, 200, 0, 1, "1.18937+-0.00857724*log(x+19)*log(x+18)*(3-0.383847*log(x+18))+0.0678125172853" 
0, mujets, up_uncorrelated, 1, -2.5, 2.5, 50, 70, 0, 1, "1.18937+-0.00857724*log(x+19)*log(x+18)*(3-0.383847*log(x+18))+0.0132123893127" 
0, mujets, up_uncorrelated, 1, -2.5, 2.5, 20, 30, 0, 1, "1.18937+-0.00857724*log(x+19)*log(x+18)*(3-0.383847*log(x+18))+0.025784233585" 
0, mujets, up_uncorrelated, 1, -2.5, 2.5, 600, 1000, 0, 1, "1.18937+-0.00857724*log(x+19)*log(x+18)*(3-0.383847*log(x+18))+0.18053598702" 
0, mujets, up_uncorrelated, 1, -2.5, 2.5, 30, 50, 0, 1, "1.18937+-0.00857724*log(x+19)*log(x+18)*(3-0.383847*log(x+18))+0.00996118504554" 
0, mujets, up_uncorrelated, 0, -2.5, 2.5, 100, 140, 0, 1, "1.18937+-0.00857724*log(x+19)*log(x+18)*(3-0.383847*log(x+18))+0.028887046501" 
0, mujets, up_uncorrelated, 0, -2.5, 2.5, 70, 100, 0, 1, "1.18937+-0.00857724*log(x+19)*log(x+18)*(3-0.383847*log(x+18))+0.00784892123193" 
0, mujets, up_uncorrelated, 0, -2.5, 2.5, 200, 300, 0, 1, "1.18937+-0.00857724*log(x+19)*log(x+18)*(3-0.383847*log(x+18))+0.0336342006922" 
0, mujets, up_uncorrelated, 0, -2.5, 2.5, 300, 600, 0, 1, "1.18937+-0.00857724*log(x+19)*log(x+18)*(3-0.383847*log(x+18))+0.0443195328116" 
0, mujets, up_uncorrelated, 0, -2.5, 2.5, 140, 200, 0, 1, "1.18937+-0.00857724*log(x+19)*log(x+18)*(3-0.383847*log(x+18))+0.0271250084043" 
0, mujets, up_uncorrelated, 0, -2.5, 2.5, 50, 70, 0, 1, "1.18937+-0.00857724*log(x+19)*log(x+18)*(3-0.383847*log(x+18))+0.00528495572507" 
0, mujets, up_uncorrelated, 0, -2.5, 2.5, 20, 30, 0, 1, "1.18937+-0.00857724*log(x+19)*log(x+18)*(3-0.383847*log(x+18))+0.010313693434" 
0, mujets, up_uncorrelated, 0, -2.5, 2.5, 600, 1000, 0, 1, "1.18937+-0.00857724*log(x+19)*log(x+18)*(3-0.383847*log(x+18))+0.0722143948078" 
0, mujets, up_uncorrelated, 0, -2.5, 2.5, 30, 50, 0, 1, "1.18937+-0.00857724*log(x+19)*log(x+18)*(3-0.383847*log(x+18))+0.00398447411135" 
1, comb, central, 1, -2.5, 2.5, 20, 1000, 0, 1, "0.927805+8.03697e-05*log(x+19)*log(x+18)*(3- -3.6388*log(x+18))" 
1, comb, central, 0, -2.5, 2.5, 20, 1000, 0, 1, "0.927805+8.03697e-05*log(x+19)*log(x+18)*(3- -3.6388*log(x+18))" 
1, comb, down, 1, -2.5, 2.5, 20, 30, 0, 1, "0.927805+8.03697e-05*log(x+19)*log(x+18)*(3- -3.6388*log(x+18))-0.11077836155891418" 
1, comb, down, 1, -2.5, 2.5, 30, 50, 0, 1, "0.927805+8.03697e-05*log(x+19)*log(x+18)*(3- -3.6388*log(x+18))-0.034799974411725998" 
1, comb, down, 1, -2.5, 2.5, 50, 70, 0, 1, "0.927805+8.03697e-05*log(x+19)*log(x+18)*(3- -3.6388*log(x+18))-0.047109805047512054" 
1, comb, down, 1, -2.5, 2.5, 70, 100, 0, 1, "0.927805+8.03697e-05*log(x+19)*log(x+18)*(3- -3.6388*log(x+18))-0.045633468776941299" 
1, comb, down, 1, -2.5, 2.5, 100, 140, 0, 1, "0.927805+8.03697e-05*log(x+19)*log(x+18)*(3- -3.6388*log(x+18))-0.040577691048383713" 
1, comb, down, 1, -2.5, 2.5, 140, 200, 0, 1, "0.927805+8.03697e-05*log(x+19)*log(x+18)*(3- -3.6388*log(x+18))-0.046947166323661804" 
1, comb, down, 1, -2.5, 2.5, 200, 300, 0, 1, "0.927805+8.03697e-05*log(x+19)*log(x+18)*(3- -3.6388*log(x+18))-0.29420387744903564" 
1, comb, down, 1, -2.5, 2.5, 300, 600, 0, 1, "0.927805+8.03697e-05*log(x+19)*log(x+18)*(3- -3.6388*log(x+18))-0.2119617760181427" 
1, comb, down, 1, -2.5, 2.5, 600, 1000, 0, 1, "0.927805+8.03697e-05*log(x+19)*log(x+18)*(3- -3.6388*log(x+18))-0.27183631062507629" 
1, comb, down, 0, -2.5, 2.5, 20, 30, 0, 1, "0.927805+8.03697e-05*log(x+19)*log(x+18)*(3- -3.6388*log(x+18))-0.036926120519638062" 
1, comb, down, 0, -2.5, 2.5, 30, 50, 0, 1, "0.927805+8.03697e-05*log(x+19)*log(x+18)*(3- -3.6388*log(x+18))-0.011599991470575333" 
1, comb, down, 0, -2.5, 2.5, 50, 70, 0, 1, "0.927805+8.03697e-05*log(x+19)*log(x+18)*(3- -3.6388*log(x+18))-0.015703268349170685" 
1, comb, down, 0, -2.5, 2.5, 70, 100, 0, 1, "0.927805+8.03697e-05*log(x+19)*log(x+18)*(3- -3.6388*log(x+18))-0.015211156569421291" 
1, comb, down, 0, -2.5, 2.5, 100, 140, 0, 1, "0.927805+8.03697e-05*log(x+19)*log(x+18)*(3- -3.6388*log(x+18))-0.013525896705687046" 
1, comb, down, 0, -2.5, 2.5, 140, 200, 0, 1, "0.927805+8.03697e-05*log(x+19)*log(x+18)*(3- -3.6388*log(x+18))-0.015649056062102318" 
1, comb, down, 0, -2.5, 2.5, 200, 300, 0, 1, "0.927805+8.03697e-05*log(x+19)*log(x+18)*(3- -3.6388*log(x+18))-0.098067961633205414" 
1, comb, down, 0, -2.5, 2.5, 300, 600, 0, 1, "0.927805+8.03697e-05*log(x+19)*log(x+18)*(3- -3.6388*log(x+18))-0.070653922855854034" 
1, comb, down, 0, -2.5, 2.5, 600, 1000, 0, 1, "0.927805+8.03697e-05*log(x+19)*log(x+18)*(3- -3.6388*log(x+18))-0.090612106025218964" 
1, comb, down_correlated, 1, -2.5, 2.5, 100, 140, 0, 1, "0.927805+8.03697e-05*log(x+19)*log(x+18)*(3- -3.6388*log(x+18))-0.0140753275117" 
1, comb, down_correlated, 1, -2.5, 2.5, 70, 100, 0, 1, "0.927805+8.03697e-05*log(x+19)*log(x+18)*(3- -3.6388*log(x+18))-0.0240638662369" 
1, comb, down_correlated, 1, -2.5, 2.5, 200, 300, 0, 1, "0.927805+8.03697e-05*log(x+19)*log(x+18)*(3- -3.6388*log(x+18))-0.279406791655" 
1, comb, down_correlated, 1, -2.5, 2.5, 300, 600, 0, 1, "0.927805+8.03697e-05*log(x+19)*log(x+18)*(3- -3.6388*log(x+18))-0.174936129068" 
1, comb, down_correlated, 1, -2.5, 2.5, 140, 200, 0, 1, "0.927805+8.03697e-05*log(x+19)*log(x+18)*(3- -3.6388*log(x+18))-0.0172596111285" 
1, comb, down_correlated, 1, -2.5, 2.5, 50, 70, 0, 1, "0.927805+8.03697e-05*log(x+19)*log(x+18)*(3- -3.6388*log(x+18))-0.0344952707502" 
1, comb, down_correlated, 1, -2.5, 2.5, 20, 30, 0, 1, "0.927805+8.03697e-05*log(x+19)*log(x+18)*(3- -3.6388*log(x+18))-0.101094208253" 
1, comb, down_correlated, 1, -2.5, 2.5, 600, 1000, 0, 1, "0.927805+8.03697e-05*log(x+19)*log(x+18)*(3- -3.6388*log(x+18))-0.137633713525" 
1, comb, down_correlated, 1, -2.5, 2.5, 30, 50, 0, 1, "0.927805+8.03697e-05*log(x+19)*log(x+18)*(3- -3.6388*log(x+18))-0.0281862064748" 
1, comb, down_correlated, 0, -2.5, 2.5, 100, 140, 0, 1, "0.927805+8.03697e-05*log(x+19)*log(x+18)*(3- -3.6388*log(x+18))-0.00469177494226" 
1, comb, down_correlated, 0, -2.5, 2.5, 70, 100, 0, 1, "0.927805+8.03697e-05*log(x+19)*log(x+18)*(3- -3.6388*log(x+18))-0.00802128833394" 
1, comb, down_correlated, 0, -2.5, 2.5, 200, 300, 0, 1, "0.927805+8.03697e-05*log(x+19)*log(x+18)*(3- -3.6388*log(x+18))-0.0931355998335" 
1, comb, down_correlated, 0, -2.5, 2.5, 300, 600, 0, 1, "0.927805+8.03697e-05*log(x+19)*log(x+18)*(3- -3.6388*log(x+18))-0.0583120400134" 
1, comb, down_correlated, 0, -2.5, 2.5, 140, 200, 0, 1, "0.927805+8.03697e-05*log(x+19)*log(x+18)*(3- -3.6388*log(x+18))-0.00575320539835" 
1, comb, down_correlated, 0, -2.5, 2.5, 50, 70, 0, 1, "0.927805+8.03697e-05*log(x+19)*log(x+18)*(3- -3.6388*log(x+18))-0.0114984238721" 
1, comb, down_correlated, 0, -2.5, 2.5, 20, 30, 0, 1, "0.927805+8.03697e-05*log(x+19)*log(x+18)*(3- -3.6388*log(x+18))-0.0336980695568" 
1, comb, down_correlated, 0, -2.5, 2.5, 600, 1000, 0, 1, "0.927805+8.03697e-05*log(x+19)*log(x+18)*(3- -3.6388*log(x+18))-0.0458779136433" 
1, comb, down_correlated, 0, -2.5, 2.5, 30, 50, 0, 1, "0.927805+8.03697e-05*log(x+19)*log(x+18)*(3- -3.6388*log(x+18))-0.00939540227065" 
1, comb, down_uncorrelated, 1, -2.5, 2.5, 100, 140, 0, 1, "0.927805+8.03697e-05*log(x+19)*log(x+18)*(3- -3.6388*log(x+18))-0.0380582995713" 
1, comb, down_uncorrelated, 1, -2.5, 2.5, 70, 100, 0, 1, "0.927805+8.03697e-05*log(x+19)*log(x+18)*(3- -3.6388*log(x+18))-0.0387729778886" 
1, comb, down_uncorrelated, 1, -2.5, 2.5, 200, 300, 0, 1, "0.927805+8.03697e-05*log(x+19)*log(x+18)*(3- -3.6388*log(x+18))-0.0921290740371" 
1, comb, down_uncorrelated, 1, -2.5, 2.5, 300, 600, 0, 1, "0.927805+8.03697e-05*log(x+19)*log(x+18)*(3- -3.6388*log(x+18))-0.119687698781" 
1, comb, down_uncorrelated, 1, -2.5, 2.5, 140, 200, 0, 1, "0.927805+8.03697e-05*log(x+19)*log(x+18)*(3- -3.6388*log(x+18))-0.043659389019" 
1, comb, down_uncorrelated, 1, -2.5, 2.5, 50, 70, 0, 1, "0.927805+8.03697e-05*log(x+19)*log(x+18)*(3- -3.6388*log(x+18))-0.0320844203234" 
1, comb, down_uncorrelated, 1, -2.5, 2.5, 20, 30, 0, 1, "0.927805+8.03697e-05*log(x+19)*log(x+18)*(3- -3.6388*log(x+18))-0.045296870172" 
1, comb, down_uncorrelated, 1, -2.5, 2.5, 600, 1000, 0, 1, "0.927805+8.03697e-05*log(x+19)*log(x+18)*(3- -3.6388*log(x+18))-0.234418302774" 
1, comb, down_uncorrelated, 1, -2.5, 2.5, 30, 50, 0, 1, "0.927805+8.03697e-05*log(x+19)*log(x+18)*(3- -3.6388*log(x+18))-0.0204101931304" 
1, comb, down_uncorrelated, 0, -2.5, 2.5, 100, 140, 0, 1, "0.927805+8.03697e-05*log(x+19)*log(x+18)*(3- -3.6388*log(x+18))-0.0126860998571" 
1, comb, down_uncorrelated, 0, -2.5, 2.5, 70, 100, 0, 1, "0.927805+8.03697e-05*log(x+19)*log(x+18)*(3- -3.6388*log(x+18))-0.0129243265837" 
1, comb, down_uncorrelated, 0, -2.5, 2.5, 200, 300, 0, 1, "0.927805+8.03697e-05*log(x+19)*log(x+18)*(3- -3.6388*log(x+18))-0.0307096913457" 
1, comb, down_uncorrelated, 0, -2.5, 2.5, 300, 600, 0, 1, "0.927805+8.03697e-05*log(x+19)*log(x+18)*(3- -3.6388*log(x+18))-0.0398958995938" 
1, comb, down_uncorrelated, 0, -2.5, 2.5, 140, 200, 0, 1, "0.927805+8.03697e-05*log(x+19)*log(x+18)*(3- -3.6388*log(x+18))-0.014553129673" 
1, comb, down_uncorrelated, 0, -2.5, 2.5, 50, 70, 0, 1, "0.927805+8.03697e-05*log(x+19)*log(x+18)*(3- -3.6388*log(x+18))-0.010694806464" 
1, comb, down_uncorrelated, 0, -2.5, 2.5, 20, 30, 0, 1, "0.927805+8.03697e-05*log(x+19)*log(x+18)*(3- -3.6388*log(x+18))-0.0150989564136" 
1, comb, down_uncorrelated, 0, -2.5, 2.5, 600, 1000, 0, 1, "0.927805+8.03697e-05*log(x+19)*log(x+18)*(3- -3.6388*log(x+18))-0.0781394317746" 
1, comb, down_uncorrelated, 0, -2.5, 2.5, 30, 50, 0, 1, "0.927805+8.03697e-05*log(x+19)*log(x+18)*(3- -3.6388*log(x+18))-0.0068033975549" 
1, comb, up, 1, -2.5, 2.5, 20, 30, 0, 1, "0.927805+8.03697e-05*log(x+19)*log(x+18)*(3- -3.6388*log(x+18))+0.11077836155891418" 
1, comb, up, 1, -2.5, 2.5, 30, 50, 0, 1, "0.927805+8.03697e-05*log(x+19)*log(x+18)*(3- -3.6388*log(x+18))+0.034799974411725998" 
1, comb, up, 1, -2.5, 2.5, 50, 70, 0, 1, "0.927805+8.03697e-05*log(x+19)*log(x+18)*(3- -3.6388*log(x+18))+0.047109805047512054" 
1, comb, up, 1, -2.5, 2.5, 70, 100, 0, 1, "0.927805+8.03697e-05*log(x+19)*log(x+18)*(3- -3.6388*log(x+18))+0.045633468776941299" 
1, comb, up, 1, -2.5, 2.5, 100, 140, 0, 1, "0.927805+8.03697e-05*log(x+19)*log(x+18)*(3- -3.6388*log(x+18))+0.040577691048383713" 
1, comb, up, 1, -2.5, 2.5, 140, 200, 0, 1, "0.927805+8.03697e-05*log(x+19)*log(x+18)*(3- -3.6388*log(x+18))+0.046947166323661804" 
1, comb, up, 1, -2.5, 2.5, 200, 300, 0, 1, "0.927805+8.03697e-05*log(x+19)*log(x+18)*(3- -3.6388*log(x+18))+0.29420387744903564" 
1, comb, up, 1, -2.5, 2.5, 300, 600, 0, 1, "0.927805+8.03697e-05*log(x+19)*log(x+18)*(3- -3.6388*log(x+18))+0.2119617760181427" 
1, comb, up, 1, -2.5, 2.5, 600, 1000, 0, 1, "0.927805+8.03697e-05*log(x+19)*log(x+18)*(3- -3.6388*log(x+18))+0.27183631062507629" 
1, comb, up, 0, -2.5, 2.5, 20, 30, 0, 1, "0.927805+8.03697e-05*log(x+19)*log(x+18)*(3- -3.6388*log(x+18))+0.036926120519638062" 
1, comb, up, 0, -2.5, 2.5, 30, 50, 0, 1, "0.927805+8.03697e-05*log(x+19)*log(x+18)*(3- -3.6388*log(x+18))+0.011599991470575333" 
1, comb, up, 0, -2.5, 2.5, 50, 70, 0, 1, "0.927805+8.03697e-05*log(x+19)*log(x+18)*(3- -3.6388*log(x+18))+0.015703268349170685" 
1, comb, up, 0, -2.5, 2.5, 70, 100, 0, 1, "0.927805+8.03697e-05*log(x+19)*log(x+18)*(3- -3.6388*log(x+18))+0.015211156569421291" 
1, comb, up, 0, -2.5, 2.5, 100, 140, 0, 1, "0.927805+8.03697e-05*log(x+19)*log(x+18)*(3- -3.6388*log(x+18))+0.013525896705687046" 
1, comb, up, 0, -2.5, 2.5, 140, 200, 0, 1, "0.927805+8.03697e-05*log(x+19)*log(x+18)*(3- -3.6388*log(x+18))+0.015649056062102318" 
1, comb, up, 0, -2.5, 2.5, 200, 300, 0, 1, "0.927805+8.03697e-05*log(x+19)*log(x+18)*(3- -3.6388*log(x+18))+0.098067961633205414" 
1, comb, up, 0, -2.5, 2.5, 300, 600, 0, 1, "0.927805+8.03697e-05*log(x+19)*log(x+18)*(3- -3.6388*log(x+18))+0.070653922855854034" 
1, comb, up, 0, -2.5, 2.5, 600, 1000, 0, 1, "0.927805+8.03697e-05*log(x+19)*log(x+18)*(3- -3.6388*log(x+18))+0.090612106025218964" 
1, comb, up_correlated, 1, -2.5, 2.5, 100, 140, 0, 1, "0.927805+8.03697e-05*log(x+19)*log(x+18)*(3- -3.6388*log(x+18))+0.0140753275117" 
1, comb, up_correlated, 1, -2.5, 2.5, 70, 100, 0, 1, "0.927805+8.03697e-05*log(x+19)*log(x+18)*(3- -3.6388*log(x+18))+0.0240638662369" 
1, comb, up_correlated, 1, -2.5, 2.5, 200, 300, 0, 1, "0.927805+8.03697e-05*log(x+19)*log(x+18)*(3- -3.6388*log(x+18))+0.279406791655" 
1, comb, up_correlated, 1, -2.5, 2.5, 300, 600, 0, 1, "0.927805+8.03697e-05*log(x+19)*log(x+18)*(3- -3.6388*log(x+18))+0.174936129068" 
1, comb, up_correlated, 1, -2.5, 2.5, 140, 200, 0, 1, "0.927805+8.03697e-05*log(x+19)*log(x+18)*(3- -3.6388*log(x+18))+0.0172596111285" 
1, comb, up_correlated, 1, -2.5, 2.5, 50, 70, 0, 1, "0.927805+8.03697e-05*log(x+19)*log(x+18)*(3- -3.6388*log(x+18))+0.0344952707502" 
1, comb, up_correlated, 1, -2.5, 2.5, 20, 30, 0, 1, "0.927805+8.03697e-05*log(x+19)*log(x+18)*(3- -3.6388*log(x+18))+0.101094208253" 
1, comb, up_correlated, 1, -2.5, 2.5, 600, 1000, 0, 1, "0.927805+8.03697e-05*log(x+19)*log(x+18)*(3- -3.6388*log(x+18))+0.137633713525" 
1, comb, up_correlated, 1, -2.5, 2.5, 30, 50, 0, 1, "0.927805+8.03697e-05*log(x+19)*log(x+18)*(3- -3.6388*log(x+18))+0.0281862064748" 
1, comb, up_correlated, 0, -2.5, 2.5, 100, 140, 0, 1, "0.927805+8.03697e-05*log(x+19)*log(x+18)*(3- -3.6388*log(x+18))+0.00469177494226" 
1, comb, up_correlated, 0, -2.5, 2.5, 70, 100, 0, 1, "0.927805+8.03697e-05*log(x+19)*log(x+18)*(3- -3.6388*log(x+18))+0.00802128833394" 
1, comb, up_correlated, 0, -2.5, 2.5, 200, 300, 0, 1, "0.927805+8.03697e-05*log(x+19)*log(x+18)*(3- -3.6388*log(x+18))+0.0931355998335" 
1, comb, up_correlated, 0, -2.5, 2.5, 300, 600, 0, 1, "0.927805+8.03697e-05*log(x+19)*log(x+18)*(3- -3.6388*log(x+18))+0.0583120400134" 
1, comb, up_correlated, 0, -2.5, 2.5, 140, 200, 0, 1, "0.927805+8.03697e-05*log(x+19)*log(x+18)*(3- -3.6388*log(x+18))+0.00575320539835" 
1, comb, up_correlated, 0, -2.5, 2.5, 50, 70, 0, 1, "0.927805+8.03697e-05*log(x+19)*log(x+18)*(3- -3.6388*log(x+18))+0.0114984238721" 
1, comb, up_correlated, 0, -2.5, 2.5, 20, 30, 0, 1, "0.927805+8.03697e-05*log(x+19)*log(x+18)*(3- -3.6388*log(x+18))+0.0336980695568" 
1, comb, up_correlated, 0, -2.5, 2.5, 600, 1000, 0, 1, "0.927805+8.03697e-05*log(x+19)*log(x+18)*(3- -3.6388*log(x+18))+0.0458779136433" 
1, comb, up_correlated, 0, -2.5, 2.5, 30, 50, 0, 1, "0.927805+8.03697e-05*log(x+19)*log(x+18)*(3- -3.6388*log(x+18))+0.00939540227065" 
1, comb, up_uncorrelated, 1, -2.5, 2.5, 100, 140, 0, 1, "0.927805+8.03697e-05*log(x+19)*log(x+18)*(3- -3.6388*log(x+18))+0.0380582995713" 
1, comb, up_uncorrelated, 1, -2.5, 2.5, 70, 100, 0, 1, "0.927805+8.03697e-05*log(x+19)*log(x+18)*(3- -3.6388*log(x+18))+0.0387729778886" 
1, comb, up_uncorrelated, 1, -2.5, 2.5, 200, 300, 0, 1, "0.927805+8.03697e-05*log(x+19)*log(x+18)*(3- -3.6388*log(x+18))+0.0921290740371" 
1, comb, up_uncorrelated, 1, -2.5, 2.5, 300, 600, 0, 1, "0.927805+8.03697e-05*log(x+19)*log(x+18)*(3- -3.6388*log(x+18))+0.119687698781" 
1, comb, up_uncorrelated, 1, -2.5, 2.5, 140, 200, 0, 1, "0.927805+8.03697e-05*log(x+19)*log(x+18)*(3- -3.6388*log(x+18))+0.043659389019" 
1, comb, up_uncorrelated, 1, -2.5, 2.5, 50, 70, 0, 1, "0.927805+8.03697e-05*log(x+19)*log(x+18)*(3- -3.6388*log(x+18))+0.0320844203234" 
1, comb, up_uncorrelated, 1, -2.5, 2.5, 20, 30, 0, 1, "0.927805+8.03697e-05*log(x+19)*log(x+18)*(3- -3.6388*log(x+18))+0.045296870172" 
1, comb, up_uncorrelated, 1, -2.5, 2.5, 600, 1000, 0, 1, "0.927805+8.03697e-05*log(x+19)*log(x+18)*(3- -3.6388*log(x+18))+0.234418302774" 
1, comb, up_uncorrelated, 1, -2.5, 2.5, 30, 50, 0, 1, "0.927805+8.03697e-05*log(x+19)*log(x+18)*(3- -3.6388*log(x+18))+0.0204101931304" 
1, comb, up_uncorrelated, 0, -2.5, 2.5, 100, 140, 0, 1, "0.927805+8.03697e-05*log(x+19)*log(x+18)*(3- -3.6388*log(x+18))+0.0126860998571" 
1, comb, up_uncorrelated, 0, -2.5, 2.5, 70, 100, 0, 1, "0.927805+8.03697e-05*log(x+19)*log(x+18)*(3- -3.6388*log(x+18))+0.0129243265837" 
1, comb, up_uncorrelated, 0, -2.5, 2.5, 200, 300, 0, 1, "0.927805+8.03697e-05*log(x+19)*log(x+18)*(3- -3.6388*log(x+18))+0.0307096913457" 
1, comb, up_uncorrelated, 0, -2.5, 2.5, 300, 600, 0, 1, "0.927805+8.03697e-05*log(x+19)*log(x+18)*(3- -3.6388*log(x+18))+0.0398958995938" 
1, comb, up_uncorrelated, 0, -2.5, 2.5, 140, 200, 0, 1, "0.927805+8.03697e-05*log(x+19)*log(x+18)*(3- -3.6388*log(x+18))+0.014553129673" 
1, comb, up_uncorrelated, 0, -2.5, 2.5, 50, 70, 0, 1, "0.927805+8.03697e-05*log(x+19)*log(x+18)*(3- -3.6388*log(x+18))+0.010694806464" 
1, comb, up_uncorrelated, 0, -2.5, 2.5, 20, 30, 0, 1, "0.927805+8.03697e-05*log(x+19)*log(x+18)*(3- -3.6388*log(x+18))+0.0150989564136" 
1, comb, up_uncorrelated, 0, -2.5, 2.5, 600, 1000, 0, 1, "0.927805+8.03697e-05*log(x+19)*log(x+18)*(3- -3.6388*log(x+18))+0.0781394317746" 
1, comb, up_uncorrelated, 0, -2.5, 2.5, 30, 50, 0, 1, "0.927805+8.03697e-05*log(x+19)*log(x+18)*(3- -3.6388*log(x+18))+0.0068033975549" 
1, mujets, central, 1, -2.5, 2.5, 20, 1000, 0, 1, "1.17749+-0.0091485*log(x+19)*log(x+18)*(3-0.394342*log(x+18))" 
1, mujets, central, 0, -2.5, 2.5, 20, 1000, 0, 1, "1.17749+-0.0091485*log(x+19)*log(x+18)*(3-0.394342*log(x+18))" 
1, mujets, down, 1, -2.5, 2.5, 20, 30, 0, 1, "1.17749+-0.0091485*log(x+19)*log(x+18)*(3-0.394342*log(x+18))-0.11944042146205902" 
1, mujets, down, 1, -2.5, 2.5, 30, 50, 0, 1, "1.17749+-0.0091485*log(x+19)*log(x+18)*(3-0.394342*log(x+18))-0.040564380586147308" 
1, mujets, down, 1, -2.5, 2.5, 50, 70, 0, 1, "1.17749+-0.0091485*log(x+19)*log(x+18)*(3-0.394342*log(x+18))-0.066822946071624756" 
1, mujets, down, 1, -2.5, 2.5, 70, 100, 0, 1, "1.17749+-0.0091485*log(x+19)*log(x+18)*(3-0.394342*log(x+18))-0.098147720098495483" 
1, mujets, down, 1, -2.5, 2.5, 100, 140, 0, 1, "1.17749+-0.0091485*log(x+19)*log(x+18)*(3-0.394342*log(x+18))-0.15666455030441284" 
1, mujets, down, 1, -2.5, 2.5, 140, 200, 0, 1, "1.17749+-0.0091485*log(x+19)*log(x+18)*(3-0.394342*log(x+18))-0.15174268186092377" 
1, mujets, down, 1, -2.5, 2.5, 200, 300, 0, 1, "1.17749+-0.0091485*log(x+19)*log(x+18)*(3-0.394342*log(x+18))-0.38780117034912109" 
1, mujets, down, 1, -2.5, 2.5, 300, 600, 0, 1, "1.17749+-0.0091485*log(x+19)*log(x+18)*(3-0.394342*log(x+18))-0.22342976927757263" 
1, mujets, down, 1, -2.5, 2.5, 600, 1000, 0, 1, "1.17749+-0.0091485*log(x+19)*log(x+18)*(3-0.394342*log(x+18))-0.27365964651107788" 
1, mujets, down, 0, -2.5, 2.5, 20, 30, 0, 1, "1.17749+-0.0091485*log(x+19)*log(x+18)*(3-0.394342*log(x+18))-0.03981347382068634" 
1, mujets, down, 0, -2.5, 2.5, 30, 50, 0, 1, "1.17749+-0.0091485*log(x+19)*log(x+18)*(3-0.394342*log(x+18))-0.013521459884941578" 
1, mujets, down, 0, -2.5, 2.5, 50, 70, 0, 1, "1.17749+-0.0091485*log(x+19)*log(x+18)*(3-0.394342*log(x+18))-0.022274315357208252" 
1, mujets, down, 0, -2.5, 2.5, 70, 100, 0, 1, "1.17749+-0.0091485*log(x+19)*log(x+18)*(3-0.394342*log(x+18))-0.032715905457735062" 
1, mujets, down, 0, -2.5, 2.5, 100, 140, 0, 1, "1.17749+-0.0091485*log(x+19)*log(x+18)*(3-0.394342*log(x+18))-0.052221518009901047" 
1, mujets, down, 0, -2.5, 2.5, 140, 200, 0, 1, "1.17749+-0.0091485*log(x+19)*log(x+18)*(3-0.394342*log(x+18))-0.050580892711877823" 
1, mujets, down, 0, -2.5, 2.5, 200, 300, 0, 1, "1.17749+-0.0091485*log(x+19)*log(x+18)*(3-0.394342*log(x+18))-0.12926705181598663" 
1, mujets, down, 0, -2.5, 2.5, 300, 600, 0, 1, "1.17749+-0.0091485*log(x+19)*log(x+18)*(3-0.394342*log(x+18))-0.074476592242717743" 
1, mujets, down, 0, -2.5, 2.5, 600, 1000, 0, 1, "1.17749+-0.0091485*log(x+19)*log(x+18)*(3-0.394342*log(x+18))-0.091219879686832428" 
1, mujets, down_correlated, 1, -2.5, 2.5, 100, 140, 0, 1, "1.17749+-0.0091485*log(x+19)*log(x+18)*(3-0.394342*log(x+18))-0.133785814156" 
1, mujets, down_correlated, 1, -2.5, 2.5, 70, 100, 0, 1, "1.17749+-0.0091485*log(x+19)*log(x+18)*(3-0.394342*log(x+18))-0.0921601180981" 
1, mujets, down_correlated, 1, -2.5, 2.5, 200, 300, 0, 1, "1.17749+-0.0091485*log(x+19)*log(x+18)*(3-0.394342*log(x+18))-0.355716291536" 
1, mujets, down_correlated, 1, -2.5, 2.5, 300, 600, 0, 1, "1.17749+-0.0091485*log(x+19)*log(x+18)*(3-0.394342*log(x+18))-0.178584382179" 
1, mujets, down_correlated, 1, -2.5, 2.5, 140, 200, 0, 1, "1.17749+-0.0091485*log(x+19)*log(x+18)*(3-0.394342*log(x+18))-0.130755264102" 
1, mujets, down_correlated, 1, -2.5, 2.5, 50, 70, 0, 1, "1.17749+-0.0091485*log(x+19)*log(x+18)*(3-0.394342*log(x+18))-0.0635771118656" 
1, mujets, down_correlated, 1, -2.5, 2.5, 20, 30, 0, 1, "1.17749+-0.0091485*log(x+19)*log(x+18)*(3-0.394342*log(x+18))-0.111346143059" 
1, mujets, down_correlated, 1, -2.5, 2.5, 600, 1000, 0, 1, "1.17749+-0.0091485*log(x+19)*log(x+18)*(3-0.394342*log(x+18))-0.141883541518" 
1, mujets, down_correlated, 1, -2.5, 2.5, 30, 50, 0, 1, "1.17749+-0.0091485*log(x+19)*log(x+18)*(3-0.394342*log(x+18))-0.0369896361032" 
1, mujets, down_correlated, 0, -2.5, 2.5, 100, 140, 0, 1, "1.17749+-0.0091485*log(x+19)*log(x+18)*(3-0.394342*log(x+18))-0.0445952724612" 
1, mujets, down_correlated, 0, -2.5, 2.5, 70, 100, 0, 1, "1.17749+-0.0091485*log(x+19)*log(x+18)*(3-0.394342*log(x+18))-0.0307200381573" 
1, mujets, down_correlated, 0, -2.5, 2.5, 200, 300, 0, 1, "1.17749+-0.0091485*log(x+19)*log(x+18)*(3-0.394342*log(x+18))-0.118572091225" 
1, mujets, down_correlated, 0, -2.5, 2.5, 300, 600, 0, 1, "1.17749+-0.0091485*log(x+19)*log(x+18)*(3-0.394342*log(x+18))-0.0595281305" 
1, mujets, down_correlated, 0, -2.5, 2.5, 140, 200, 0, 1, "1.17749+-0.0091485*log(x+19)*log(x+18)*(3-0.394342*log(x+18))-0.0435850869584" 
1, mujets, down_correlated, 0, -2.5, 2.5, 50, 70, 0, 1, "1.17749+-0.0091485*log(x+19)*log(x+18)*(3-0.394342*log(x+18))-0.0211923705214" 
1, mujets, down_correlated, 0, -2.5, 2.5, 20, 30, 0, 1, "1.17749+-0.0091485*log(x+19)*log(x+18)*(3-0.394342*log(x+18))-0.0371153807785" 
1, mujets, down_correlated, 0, -2.5, 2.5, 600, 1000, 0, 1, "1.17749+-0.0091485*log(x+19)*log(x+18)*(3-0.394342*log(x+18))-0.0472945131451" 
1, mujets, down_correlated, 0, -2.5, 2.5, 30, 50, 0, 1, "1.17749+-0.0091485*log(x+19)*log(x+18)*(3-0.394342*log(x+18))-0.0123298783606" 
1, mujets, down_uncorrelated, 1, -2.5, 2.5, 100, 140, 0, 1, "1.17749+-0.0091485*log(x+19)*log(x+18)*(3-0.394342*log(x+18))-0.0815177112818" 
1, mujets, down_uncorrelated, 1, -2.5, 2.5, 70, 100, 0, 1, "1.17749+-0.0091485*log(x+19)*log(x+18)*(3-0.394342*log(x+18))-0.0337562970817" 
1, mujets, down_uncorrelated, 1, -2.5, 2.5, 200, 300, 0, 1, "1.17749+-0.0091485*log(x+19)*log(x+18)*(3-0.394342*log(x+18))-0.154452800751" 
1, mujets, down_uncorrelated, 1, -2.5, 2.5, 300, 600, 0, 1, "1.17749+-0.0091485*log(x+19)*log(x+18)*(3-0.394342*log(x+18))-0.134270176291" 
1, mujets, down_uncorrelated, 1, -2.5, 2.5, 140, 200, 0, 1, "1.17749+-0.0091485*log(x+19)*log(x+18)*(3-0.394342*log(x+18))-0.0769993662834" 
1, mujets, down_uncorrelated, 1, -2.5, 2.5, 50, 70, 0, 1, "1.17749+-0.0091485*log(x+19)*log(x+18)*(3-0.394342*log(x+18))-0.0205732099712" 
1, mujets, down_uncorrelated, 1, -2.5, 2.5, 20, 30, 0, 1, "1.17749+-0.0091485*log(x+19)*log(x+18)*(3-0.394342*log(x+18))-0.0432209521532" 
1, mujets, down_uncorrelated, 1, -2.5, 2.5, 600, 1000, 0, 1, "1.17749+-0.0091485*log(x+19)*log(x+18)*(3-0.394342*log(x+18))-0.234005689621" 
1, mujets, down_uncorrelated, 1, -2.5, 2.5, 30, 50, 0, 1, "1.17749+-0.0091485*log(x+19)*log(x+18)*(3-0.394342*log(x+18))-0.0166503991932" 
1, mujets, down_uncorrelated, 0, -2.5, 2.5, 100, 140, 0, 1, "1.17749+-0.0091485*log(x+19)*log(x+18)*(3-0.394342*log(x+18))-0.0271725710481" 
1, mujets, down_uncorrelated, 0, -2.5, 2.5, 70, 100, 0, 1, "1.17749+-0.0091485*log(x+19)*log(x+18)*(3-0.394342*log(x+18))-0.0112520987168" 
1, mujets, down_uncorrelated, 0, -2.5, 2.5, 200, 300, 0, 1, "1.17749+-0.0091485*log(x+19)*log(x+18)*(3-0.394342*log(x+18))-0.0514842681587" 
1, mujets, down_uncorrelated, 0, -2.5, 2.5, 300, 600, 0, 1, "1.17749+-0.0091485*log(x+19)*log(x+18)*(3-0.394342*log(x+18))-0.0447567254305" 
1, mujets, down_uncorrelated, 0, -2.5, 2.5, 140, 200, 0, 1, "1.17749+-0.0091485*log(x+19)*log(x+18)*(3-0.394342*log(x+18))-0.0256664548069" 
1, mujets, down_uncorrelated, 0, -2.5, 2.5, 50, 70, 0, 1, "1.17749+-0.0091485*log(x+19)*log(x+18)*(3-0.394342*log(x+18))-0.0068577369675" 
1, mujets, down_uncorrelated, 0, -2.5, 2.5, 20, 30, 0, 1, "1.17749+-0.0091485*log(x+19)*log(x+18)*(3-0.394342*log(x+18))-0.014406984672" 
1, mujets, down_uncorrelated, 0, -2.5, 2.5, 600, 1000, 0, 1, "1.17749+-0.0091485*log(x+19)*log(x+18)*(3-0.394342*log(x+18))-0.0780018940568" 
1, mujets, down_uncorrelated, 0, -2.5, 2.5, 30, 50, 0, 1, "1.17749+-0.0091485*log(x+19)*log(x+18)*(3-0.394342*log(x+18))-0.00555013306439" 
1, mujets, up, 1, -2.5, 2.5, 20, 30, 0, 1, "1.17749+-0.0091485*log(x+19)*log(x+18)*(3-0.394342*log(x+18))+0.11944042146205902" 
1, mujets, up, 1, -2.5, 2.5, 30, 50, 0, 1, "1.17749+-0.0091485*log(x+19)*log(x+18)*(3-0.394342*log(x+18))+0.040564380586147308" 
1, mujets, up, 1, -2.5, 2.5, 50, 70, 0, 1, "1.17749+-0.0091485*log(x+19)*log(x+18)*(3-0.394342*log(x+18))+0.066822946071624756" 
1, mujets, up, 1, -2.5, 2.5, 70, 100, 0, 1, "1.17749+-0.0091485*log(x+19)*log(x+18)*(3-0.394342*log(x+18))+0.098147720098495483" 
1, mujets, up, 1, -2.5, 2.5, 100, 140, 0, 1, "1.17749+-0.0091485*log(x+19)*log(x+18)*(3-0.394342*log(x+18))+0.15666455030441284" 
1, mujets, up, 1, -2.5, 2.5, 140, 200, 0, 1, "1.17749+-0.0091485*log(x+19)*log(x+18)*(3-0.394342*log(x+18))+0.15174268186092377" 
1, mujets, up, 1, -2.5, 2.5, 200, 300, 0, 1, "1.17749+-0.0091485*log(x+19)*log(x+18)*(3-0.394342*log(x+18))+0.38780117034912109" 
1, mujets, up, 1, -2.5, 2.5, 300, 600, 0, 1, "1.17749+-0.0091485*log(x+19)*log(x+18)*(3-0.394342*log(x+18))+0.22342976927757263" 
1, mujets, up, 1, -2.5, 2.5, 600, 1000, 0, 1, "1.17749+-0.0091485*log(x+19)*log(x+18)*(3-0.394342*log(x+18))+0.27365964651107788" 
1, mujets, up, 0, -2.5, 2.5, 20, 30, 0, 1, "1.17749+-0.0091485*log(x+19)*log(x+18)*(3-0.394342*log(x+18))+0.03981347382068634" 
1, mujets, up, 0, -2.5, 2.5, 30, 50, 0, 1, "1.17749+-0.0091485*log(x+19)*log(x+18)*(3-0.394342*log(x+18))+0.013521459884941578" 
1, mujets, up, 0, -2.5, 2.5, 50, 70, 0, 1, "1.17749+-0.0091485*log(x+19)*log(x+18)*(3-0.394342*log(x+18))+0.022274315357208252" 
1, mujets, up, 0, -2.5, 2.5, 70, 100, 0, 1, "1.17749+-0.0091485*log(x+19)*log(x+18)*(3-0.394342*log(x+18))+0.032715905457735062" 
1, mujets, up, 0, -2.5, 2.5, 100, 140, 0, 1, "1.17749+-0.0091485*log(x+19)*log(x+18)*(3-0.394342*log(x+18))+0.052221518009901047" 
1, mujets, up, 0, -2.5, 2.5, 140, 200, 0, 1, "1.17749+-0.0091485*log(x+19)*log(x+18)*(3-0.394342*log(x+18))+0.050580892711877823" 
1, mujets, up, 0, -2.5, 2.5, 200, 300, 0, 1, "1.17749+-0.0091485*log(x+19)*log(x+18)*(3-0.394342*log(x+18))+0.12926705181598663" 
1, mujets, up, 0, -2.5, 2.5, 300, 600, 0, 1, "1.17749+-0.0091485*log(x+19)*log(x+18)*(3-0.394342*log(x+18))+0.074476592242717743" 
1, mujets, up, 0, -2.5, 2.5, 600, 1000, 0, 1, "1.17749+-0.0091485*log(x+19)*log(x+18)*(3-0.394342*log(x+18))+0.091219879686832428" 
1, mujets, up_correlated, 1, -2.5, 2.5, 100, 140, 0, 1, "1.17749+-0.0091485*log(x+19)*log(x+18)*(3-0.394342*log(x+18))+0.133785814156" 
1, mujets, up_correlated, 1, -2.5, 2.5, 70, 100, 0, 1, "1.17749+-0.0091485*log(x+19)*log(x+18)*(3-0.394342*log(x+18))+0.0921601180981" 
1, mujets, up_correlated, 1, -2.5, 2.5, 200, 300, 0, 1, "1.17749+-0.0091485*log(x+19)*log(x+18)*(3-0.394342*log(x+18))+0.355716291536" 
1, mujets, up_correlated, 1, -2.5, 2.5, 300, 600, 0, 1, "1.17749+-0.0091485*log(x+19)*log(x+18)*(3-0.394342*log(x+18))+0.178584382179" 
1, mujets, up_correlated, 1, -2.5, 2.5, 140, 200, 0, 1, "1.17749+-0.0091485*log(x+19)*log(x+18)*(3-0.394342*log(x+18))+0.130755264102" 
1, mujets, up_correlated, 1, -2.5, 2.5, 50, 70, 0, 1, "1.17749+-0.0091485*log(x+19)*log(x+18)*(3-0.394342*log(x+18))+0.0635771118656" 
1, mujets, up_correlated, 1, -2.5, 2.5, 20, 30, 0, 1, "1.17749+-0.0091485*log(x+19)*log(x+18)*(3-0.394342*log(x+18))+0.111346143059" 
1, mujets, up_correlated, 1, -2.5, 2.5, 600, 1000, 0, 1, "1.17749+-0.0091485*log(x+19)*log(x+18)*(3-0.394342*log(x+18))+0.141883541518" 
1, mujets, up_correlated, 1, -2.5, 2.5, 30, 50, 0, 1, "1.17749+-0.0091485*log(x+19)*log(x+18)*(3-0.394342*log(x+18))+0.0369896361032" 
1, mujets, up_correlated, 0, -2.5, 2.5, 100, 140, 0, 1, "1.17749+-0.0091485*log(x+19)*log(x+18)*(3-0.394342*log(x+18))+0.0445952724612" 
1, mujets, up_correlated, 0, -2.5, 2.5, 70, 100, 0, 1, "1.17749+-0.0091485*log(x+19)*log(x+18)*(3-0.394342*log(x+18))+0.0307200381573" 
1, mujets, up_correlated, 0, -2.5, 2.5, 200, 300, 0, 1, "1.17749+-0.0091485*log(x+19)*log(x+18)*(3-0.394342*log(x+18))+0.118572091225" 
1, mujets, up_correlated, 0, -2.5, 2.5, 300, 600, 0, 1, "1.17749+-0.0091485*log(x+19)*log(x+18)*(3-0.394342*log(x+18))+0.0595281305" 
1, mujets, up_correlated, 0, -2.5, 2.5, 140, 200, 0, 1, "1.17749+-0.0091485*log(x+19)*log(x+18)*(3-0.394342*log(x+18))+0.0435850869584" 
1, mujets, up_correlated, 0, -2.5, 2.5, 50, 70, 0, 1, "1.17749+-0.0091485*log(x+19)*log(x+18)*(3-0.394342*log(x+18))+0.0211923705214" 
1, mujets, up_correlated, 0, -2.5, 2.5, 20, 30, 0, 1, "1.17749+-0.0091485*log(x+19)*log(x+18)*(3-0.394342*log(x+18))+0.0371153807785" 
1, mujets, up_correlated, 0, -2.5, 2.5, 600, 1000, 0, 1, "1.17749+-0.0091485*log(x+19)*log(x+18)*(3-0.394342*log(x+18))+0.0472945131451" 
1, mujets, up_correlated, 0, -2.5, 2.5, 30, 50, 0, 1, "1.17749+-0.0091485*log(x+19)*log(x+18)*(3-0.394342*log(x+18))+0.0123298783606" 
1, mujets, up_uncorrelated, 1, -2.5, 2.5, 100, 140, 0, 1, "1.17749+-0.0091485*log(x+19)*log(x+18)*(3-0.394342*log(x+18))+0.0815177112818" 
1, mujets, up_uncorrelated, 1, -2.5, 2.5, 70, 100, 0, 1, "1.17749+-0.0091485*log(x+19)*log(x+18)*(3-0.394342*log(x+18))+0.0337562970817" 
1, mujets, up_uncorrelated, 1, -2.5, 2.5, 200, 300, 0, 1, "1.17749+-0.0091485*log(x+19)*log(x+18)*(3-0.394342*log(x+18))+0.154452800751" 
1, mujets, up_uncorrelated, 1, -2.5, 2.5, 300, 600, 0, 1, "1.17749+-0.0091485*log(x+19)*log(x+18)*(3-0.394342*log(x+18))+0.134270176291" 
1, mujets, up_uncorrelated, 1, -2.5, 2.5, 140, 200, 0, 1, "1.17749+-0.0091485*log(x+19)*log(x+18)*(3-0.394342*log(x+18))+0.0769993662834" 
1, mujets, up_uncorrelated, 1, -2.5, 2.5, 50, 70, 0, 1, "1.17749+-0.0091485*log(x+19)*log(x+18)*(3-0.394342*log(x+18))+0.0205732099712" 
1, mujets, up_uncorrelated, 1, -2.5, 2.5, 20, 30, 0, 1, "1.17749+-0.0091485*log(x+19)*log(x+18)*(3-0.394342*log(x+18))+0.0432209521532" 
1, mujets, up_uncorrelated, 1, -2.5, 2.5, 600, 1000, 0, 1, "1.17749+-0.0091485*log(x+19)*log(x+18)*(3-0.394342*log(x+18))+0.234005689621" 
1, mujets, up_uncorrelated, 1, -2.5, 2.5, 30, 50, 0, 1, "1.17749+-0.0091485*log(x+19)*log(x+18)*(3-0.394342*log(x+18))+0.0166503991932" 
1, mujets, up_uncorrelated, 0, -2.5, 2.5, 100, 140, 0, 1, "1.17749+-0.0091485*log(x+19)*log(x+18)*(3-0.394342*log(x+18))+0.0271725710481" 
1, mujets, up_uncorrelated, 0, -2.5, 2.5, 70, 100, 0, 1, "1.17749+-0.0091485*log(x+19)*log(x+18)*(3-0.394342*log(x+18))+0.0112520987168" 
1, mujets, up_uncorrelated, 0, -2.5, 2.5, 200, 300, 0, 1, "1.17749+-0.0091485*log(x+19)*log(x+18)*(3-0.394342*log(x+18))+0.0514842681587" 
1, mujets, up_uncorrelated, 0, -2.5, 2.5, 300, 600, 0, 1, "1.17749+-0.0091485*log(x+19)*log(x+18)*(3-0.394342*log(x+18))+0.0447567254305" 
1, mujets, up_uncorrelated, 0, -2.5, 2.5, 140, 200, 0, 1, "1.17749+-0.0091485*log(x+19)*log(x+18)*(3-0.394342*log(x+18))+0.0256664548069" 
1, mujets, up_uncorrelated, 0, -2.5, 2.5, 50, 70, 0, 1, "1.17749+-0.0091485*log(x+19)*log(x+18)*(3-0.394342*log(x+18))+0.0068577369675" 
1, mujets, up_uncorrelated, 0, -2.5, 2.5, 20, 30, 0, 1, "1.17749+-0.0091485*log(x+19)*log(x+18)*(3-0.394342*log(x+18))+0.014406984672" 
1, mujets, up_uncorrelated, 0, -2.5, 2.5, 600, 1000, 0, 1, "1.17749+-0.0091485*log(x+19)*log(x+18)*(3-0.394342*log(x+18))+0.0780018940568" 
1, mujets, up_uncorrelated, 0, -2.5, 2.5, 30, 50, 0, 1, "1.17749+-0.0091485*log(x+19)*log(x+18)*(3-0.394342*log(x+18))+0.00555013306439" 
2, comb, central, 1, -2.5, 2.5, 20, 1000, 0, 1, "0.698488+0.00874758*log(x+19)*log(x+18)*(3-0.371023*log(x+18))" 
2, comb, central, 0, -2.5, 2.5, 20, 1000, 0, 1, "0.698488+0.00874758*log(x+19)*log(x+18)*(3-0.371023*log(x+18))" 
2, comb, down, 1, -2.5, 2.5, 20, 30, 0, 1, "0.698488+0.00874758*log(x+19)*log(x+18)*(3-0.371023*log(x+18))-0.14415742456912994" 
2, comb, down, 1, -2.5, 2.5, 30, 50, 0, 1, "0.698488+0.00874758*log(x+19)*log(x+18)*(3-0.371023*log(x+18))-0.047273959964513779" 
2, comb, down, 1, -2.5, 2.5, 50, 70, 0, 1, "0.698488+0.00874758*log(x+19)*log(x+18)*(3-0.371023*log(x+18))-0.050841886550188065" 
2, comb, down, 1, -2.5, 2.5, 70, 100, 0, 1, "0.698488+0.00874758*log(x+19)*log(x+18)*(3-0.371023*log(x+18))-0.056969195604324341" 
2, comb, down, 1, -2.5, 2.5, 100, 140, 0, 1, "0.698488+0.00874758*log(x+19)*log(x+18)*(3-0.371023*log(x+18))-0.056877370923757553" 
2, comb, down, 1, -2.5, 2.5, 140, 200, 0, 1, "0.698488+0.00874758*log(x+19)*log(x+18)*(3-0.371023*log(x+18))-0.074698969721794128" 
2, comb, down, 1, -2.5, 2.5, 200, 300, 0, 1, "0.698488+0.00874758*log(x+19)*log(x+18)*(3-0.371023*log(x+18))-0.28285139799118042" 
2, comb, down, 1, -2.5, 2.5, 300, 600, 0, 1, "0.698488+0.00874758*log(x+19)*log(x+18)*(3-0.371023*log(x+18))-0.21244847774505615" 
2, comb, down, 1, -2.5, 2.5, 600, 1000, 0, 1, "0.698488+0.00874758*log(x+19)*log(x+18)*(3-0.371023*log(x+18))-0.27470770478248596" 
2, comb, down, 0, -2.5, 2.5, 20, 30, 0, 1, "0.698488+0.00874758*log(x+19)*log(x+18)*(3-0.371023*log(x+18))-0.041187833994626999" 
2, comb, down, 0, -2.5, 2.5, 30, 50, 0, 1, "0.698488+0.00874758*log(x+19)*log(x+18)*(3-0.371023*log(x+18))-0.013506845571100712" 
2, comb, down, 0, -2.5, 2.5, 50, 70, 0, 1, "0.698488+0.00874758*log(x+19)*log(x+18)*(3-0.371023*log(x+18))-0.014526253566145897" 
2, comb, down, 0, -2.5, 2.5, 70, 100, 0, 1, "0.698488+0.00874758*log(x+19)*log(x+18)*(3-0.371023*log(x+18))-0.01627691276371479" 
2, comb, down, 0, -2.5, 2.5, 100, 140, 0, 1, "0.698488+0.00874758*log(x+19)*log(x+18)*(3-0.371023*log(x+18))-0.016250677406787872" 
2, comb, down, 0, -2.5, 2.5, 140, 200, 0, 1, "0.698488+0.00874758*log(x+19)*log(x+18)*(3-0.371023*log(x+18))-0.021342562511563301" 
2, comb, down, 0, -2.5, 2.5, 200, 300, 0, 1, "0.698488+0.00874758*log(x+19)*log(x+18)*(3-0.371023*log(x+18))-0.080814681947231293" 
2, comb, down, 0, -2.5, 2.5, 300, 600, 0, 1, "0.698488+0.00874758*log(x+19)*log(x+18)*(3-0.371023*log(x+18))-0.060699567198753357" 
2, comb, down, 0, -2.5, 2.5, 600, 1000, 0, 1, "0.698488+0.00874758*log(x+19)*log(x+18)*(3-0.371023*log(x+18))-0.07848791778087616" 
2, comb, down_correlated, 1, -2.5, 2.5, 100, 140, 0, 1, "0.698488+0.00874758*log(x+19)*log(x+18)*(3-0.371023*log(x+18))-0.0228517981455" 
2, comb, down_correlated, 1, -2.5, 2.5, 70, 100, 0, 1, "0.698488+0.00874758*log(x+19)*log(x+18)*(3-0.371023*log(x+18))-0.0321705913715" 
2, comb, down_correlated, 1, -2.5, 2.5, 200, 300, 0, 1, "0.698488+0.00874758*log(x+19)*log(x+18)*(3-0.371023*log(x+18))-0.239273800726" 
2, comb, down_correlated, 1, -2.5, 2.5, 300, 600, 0, 1, "0.698488+0.00874758*log(x+19)*log(x+18)*(3-0.371023*log(x+18))-0.167194235473" 
2, comb, down_correlated, 1, -2.5, 2.5, 140, 200, 0, 1, "0.698488+0.00874758*log(x+19)*log(x+18)*(3-0.371023*log(x+18))-0.0309612025414" 
2, comb, down_correlated, 1, -2.5, 2.5, 50, 70, 0, 1, "0.698488+0.00874758*log(x+19)*log(x+18)*(3-0.371023*log(x+18))-0.0374328838852" 
2, comb, down_correlated, 1, -2.5, 2.5, 20, 30, 0, 1, "0.698488+0.00874758*log(x+19)*log(x+18)*(3-0.371023*log(x+18))-0.127700301007" 
2, comb, down_correlated, 1, -2.5, 2.5, 600, 1000, 0, 1, "0.698488+0.00874758*log(x+19)*log(x+18)*(3-0.371023*log(x+18))-0.155787076492" 
2, comb, down_correlated, 1, -2.5, 2.5, 30, 50, 0, 1, "0.698488+0.00874758*log(x+19)*log(x+18)*(3-0.371023*log(x+18))-0.0374277427658" 
2, comb, down_correlated, 0, -2.5, 2.5, 100, 140, 0, 1, "0.698488+0.00874758*log(x+19)*log(x+18)*(3-0.371023*log(x+18))-0.00652908397144" 
2, comb, down_correlated, 0, -2.5, 2.5, 70, 100, 0, 1, "0.698488+0.00874758*log(x+19)*log(x+18)*(3-0.371023*log(x+18))-0.00919159764684" 
2, comb, down_correlated, 0, -2.5, 2.5, 200, 300, 0, 1, "0.698488+0.00874758*log(x+19)*log(x+18)*(3-0.371023*log(x+18))-0.0683639399609" 
2, comb, down_correlated, 0, -2.5, 2.5, 300, 600, 0, 1, "0.698488+0.00874758*log(x+19)*log(x+18)*(3-0.371023*log(x+18))-0.0477697834342" 
2, comb, down_correlated, 0, -2.5, 2.5, 140, 200, 0, 1, "0.698488+0.00874758*log(x+19)*log(x+18)*(3-0.371023*log(x+18))-0.00884605839548" 
2, comb, down_correlated, 0, -2.5, 2.5, 50, 70, 0, 1, "0.698488+0.00874758*log(x+19)*log(x+18)*(3-0.371023*log(x+18))-0.0106951100429" 
2, comb, down_correlated, 0, -2.5, 2.5, 20, 30, 0, 1, "0.698488+0.00874758*log(x+19)*log(x+18)*(3-0.371023*log(x+18))-0.0364857982066" 
2, comb, down_correlated, 0, -2.5, 2.5, 600, 1000, 0, 1, "0.698488+0.00874758*log(x+19)*log(x+18)*(3-0.371023*log(x+18))-0.0445105970371" 
2, comb, down_correlated, 0, -2.5, 2.5, 30, 50, 0, 1, "0.698488+0.00874758*log(x+19)*log(x+18)*(3-0.371023*log(x+18))-0.0106936407249" 
2, comb, down_uncorrelated, 1, -2.5, 2.5, 100, 140, 0, 1, "0.698488+0.00874758*log(x+19)*log(x+18)*(3-0.371023*log(x+18))-0.0520848408341" 
2, comb, down_uncorrelated, 1, -2.5, 2.5, 70, 100, 0, 1, "0.698488+0.00874758*log(x+19)*log(x+18)*(3-0.371023*log(x+18))-0.0470164045691" 
2, comb, down_uncorrelated, 1, -2.5, 2.5, 200, 300, 0, 1, "0.698488+0.00874758*log(x+19)*log(x+18)*(3-0.371023*log(x+18))-0.150840848684" 
2, comb, down_uncorrelated, 1, -2.5, 2.5, 300, 600, 0, 1, "0.698488+0.00874758*log(x+19)*log(x+18)*(3-0.371023*log(x+18))-0.13107419014" 
2, comb, down_uncorrelated, 1, -2.5, 2.5, 140, 200, 0, 1, "0.698488+0.00874758*log(x+19)*log(x+18)*(3-0.371023*log(x+18))-0.0679804384708" 
2, comb, down_uncorrelated, 1, -2.5, 2.5, 50, 70, 0, 1, "0.698488+0.00874758*log(x+19)*log(x+18)*(3-0.371023*log(x+18))-0.0344046019018" 
2, comb, down_uncorrelated, 1, -2.5, 2.5, 20, 30, 0, 1, "0.698488+0.00874758*log(x+19)*log(x+18)*(3-0.371023*log(x+18))-0.0668879374862" 
2, comb, down_uncorrelated, 1, -2.5, 2.5, 600, 1000, 0, 1, "0.698488+0.00874758*log(x+19)*log(x+18)*(3-0.371023*log(x+18))-0.226262480021" 
2, comb, down_uncorrelated, 1, -2.5, 2.5, 30, 50, 0, 1, "0.698488+0.00874758*log(x+19)*log(x+18)*(3-0.371023*log(x+18))-0.0288789086044" 
2, comb, down_uncorrelated, 0, -2.5, 2.5, 100, 140, 0, 1, "0.698488+0.00874758*log(x+19)*log(x+18)*(3-0.371023*log(x+18))-0.0148813836277" 
2, comb, down_uncorrelated, 0, -2.5, 2.5, 70, 100, 0, 1, "0.698488+0.00874758*log(x+19)*log(x+18)*(3-0.371023*log(x+18))-0.0134332580492" 
2, comb, down_uncorrelated, 0, -2.5, 2.5, 200, 300, 0, 1, "0.698488+0.00874758*log(x+19)*log(x+18)*(3-0.371023*log(x+18))-0.043097384274" 
2, comb, down_uncorrelated, 0, -2.5, 2.5, 300, 600, 0, 1, "0.698488+0.00874758*log(x+19)*log(x+18)*(3-0.371023*log(x+18))-0.0374497696757" 
2, comb, down_uncorrelated, 0, -2.5, 2.5, 140, 200, 0, 1, "0.698488+0.00874758*log(x+19)*log(x+18)*(3-0.371023*log(x+18))-0.0194229818881" 
2, comb, down_uncorrelated, 0, -2.5, 2.5, 50, 70, 0, 1, "0.698488+0.00874758*log(x+19)*log(x+18)*(3-0.371023*log(x+18))-0.00982988625765" 
2, comb, down_uncorrelated, 0, -2.5, 2.5, 20, 30, 0, 1, "0.698488+0.00874758*log(x+19)*log(x+18)*(3-0.371023*log(x+18))-0.0191108398139" 
2, comb, down_uncorrelated, 0, -2.5, 2.5, 600, 1000, 0, 1, "0.698488+0.00874758*log(x+19)*log(x+18)*(3-0.371023*log(x+18))-0.064646422863" 
2, comb, down_uncorrelated, 0, -2.5, 2.5, 30, 50, 0, 1, "0.698488+0.00874758*log(x+19)*log(x+18)*(3-0.371023*log(x+18))-0.00825111661106" 
2, comb, up, 1, -2.5, 2.5, 20, 30, 0, 1, "0.698488+0.00874758*log(x+19)*log(x+18)*(3-0.371023*log(x+18))+0.14415742456912994" 
2, comb, up, 1, -2.5, 2.5, 30, 50, 0, 1, "0.698488+0.00874758*log(x+19)*log(x+18)*(3-0.371023*log(x+18))+0.047273959964513779" 
2, comb, up, 1, -2.5, 2.5, 50, 70, 0, 1, "0.698488+0.00874758*log(x+19)*log(x+18)*(3-0.371023*log(x+18))+0.050841886550188065" 
2, comb, up, 1, -2.5, 2.5, 70, 100, 0, 1, "0.698488+0.00874758*log(x+19)*log(x+18)*(3-0.371023*log(x+18))+0.056969195604324341" 
2, comb, up, 1, -2.5, 2.5, 100, 140, 0, 1, "0.698488+0.00874758*log(x+19)*log(x+18)*(3-0.371023*log(x+18))+0.056877370923757553" 
2, comb, up, 1, -2.5, 2.5, 140, 200, 0, 1, "0.698488+0.00874758*log(x+19)*log(x+18)*(3-0.371023*log(x+18))+0.074698969721794128" 
2, comb, up, 1, -2.5, 2.5, 200, 300, 0, 1, "0.698488+0.00874758*log(x+19)*log(x+18)*(3-0.371023*log(x+18))+0.28285139799118042" 
2, comb, up, 1, -2.5, 2.5, 300, 600, 0, 1, "0.698488+0.00874758*log(x+19)*log(x+18)*(3-0.371023*log(x+18))+0.21244847774505615" 
2, comb, up, 1, -2.5, 2.5, 600, 1000, 0, 1, "0.698488+0.00874758*log(x+19)*log(x+18)*(3-0.371023*log(x+18))+0.27470770478248596" 
2, comb, up, 0, -2.5, 2.5, 20, 30, 0, 1, "0.698488+0.00874758*log(x+19)*log(x+18)*(3-0.371023*log(x+18))+0.041187833994626999" 
2, comb, up, 0, -2.5, 2.5, 30, 50, 0, 1, "0.698488+0.00874758*log(x+19)*log(x+18)*(3-0.371023*log(x+18))+0.013506845571100712" 
2, comb, up, 0, -2.5, 2.5, 50, 70, 0, 1, "0.698488+0.00874758*log(x+19)*log(x+18)*(3-0.371023*log(x+18))+0.014526253566145897" 
2, comb, up, 0, -2.5, 2.5, 70, 100, 0, 1, "0.698488+0.00874758*log(x+19)*log(x+18)*(3-0.371023*log(x+18))+0.01627691276371479" 
2, comb, up, 0, -2.5, 2.5, 100, 140, 0, 1, "0.698488+0.00874758*log(x+19)*log(x+18)*(3-0.371023*log(x+18))+0.016250677406787872" 
2, comb, up, 0, -2.5, 2.5, 140, 200, 0, 1, "0.698488+0.00874758*log(x+19)*log(x+18)*(3-0.371023*log(x+18))+0.021342562511563301" 
2, comb, up, 0, -2.5, 2.5, 200, 300, 0, 1, "0.698488+0.00874758*log(x+19)*log(x+18)*(3-0.371023*log(x+18))+0.080814681947231293" 
2, comb, up, 0, -2.5, 2.5, 300, 600, 0, 1, "0.698488+0.00874758*log(x+19)*log(x+18)*(3-0.371023*log(x+18))+0.060699567198753357" 
2, comb, up, 0, -2.5, 2.5, 600, 1000, 0, 1, "0.698488+0.00874758*log(x+19)*log(x+18)*(3-0.371023*log(x+18))+0.07848791778087616" 
2, comb, up_correlated, 1, -2.5, 2.5, 100, 140, 0, 1, "0.698488+0.00874758*log(x+19)*log(x+18)*(3-0.371023*log(x+18))+0.0228517981455" 
2, comb, up_correlated, 1, -2.5, 2.5, 70, 100, 0, 1, "0.698488+0.00874758*log(x+19)*log(x+18)*(3-0.371023*log(x+18))+0.0321705913715" 
2, comb, up_correlated, 1, -2.5, 2.5, 200, 300, 0, 1, "0.698488+0.00874758*log(x+19)*log(x+18)*(3-0.371023*log(x+18))+0.239273800726" 
2, comb, up_correlated, 1, -2.5, 2.5, 300, 600, 0, 1, "0.698488+0.00874758*log(x+19)*log(x+18)*(3-0.371023*log(x+18))+0.167194235473" 
2, comb, up_correlated, 1, -2.5, 2.5, 140, 200, 0, 1, "0.698488+0.00874758*log(x+19)*log(x+18)*(3-0.371023*log(x+18))+0.0309612025414" 
2, comb, up_correlated, 1, -2.5, 2.5, 50, 70, 0, 1, "0.698488+0.00874758*log(x+19)*log(x+18)*(3-0.371023*log(x+18))+0.0374328838852" 
2, comb, up_correlated, 1, -2.5, 2.5, 20, 30, 0, 1, "0.698488+0.00874758*log(x+19)*log(x+18)*(3-0.371023*log(x+18))+0.127700301007" 
2, comb, up_correlated, 1, -2.5, 2.5, 600, 1000, 0, 1, "0.698488+0.00874758*log(x+19)*log(x+18)*(3-0.371023*log(x+18))+0.155787076492" 
2, comb, up_correlated, 1, -2.5, 2.5, 30, 50, 0, 1, "0.698488+0.00874758*log(x+19)*log(x+18)*(3-0.371023*log(x+18))+0.0374277427658" 
2, comb, up_correlated, 0, -2.5, 2.5, 100, 140, 0, 1, "0.698488+0.00874758*log(x+19)*log(x+18)*(3-0.371023*log(x+18))+0.00652908397144" 
2, comb, up_correlated, 0, -2.5, 2.5, 70, 100, 0, 1, "0.698488+0.00874758*log(x+19)*log(x+18)*(3-0.371023*log(x+18))+0.00919159764684" 
2, comb, up_correlated, 0, -2.5, 2.5, 200, 300, 0, 1, "0.698488+0.00874758*log(x+19)*log(x+18)*(3-0.371023*log(x+18))+0.0683639399609" 
2, comb, up_correlated, 0, -2.5, 2.5, 300, 600, 0, 1, "0.698488+0.00874758*log(x+19)*log(x+18)*(3-0.371023*log(x+18))+0.0477697834342" 
2, comb, up_correlated, 0, -2.5, 2.5, 140, 200, 0, 1, "0.698488+0.00874758*log(x+19)*log(x+18)*(3-0.371023*log(x+18))+0.00884605839548" 
2, comb, up_correlated, 0, -2.5, 2.5, 50, 70, 0, 1, "0.698488+0.00874758*log(x+19)*log(x+18)*(3-0.371023*log(x+18))+0.0106951100429" 
2, comb, up_correlated, 0, -2.5, 2.5, 20, 30, 0, 1, "0.698488+0.00874758*log(x+19)*log(x+18)*(3-0.371023*log(x+18))+0.0364857982066" 
2, comb, up_correlated, 0, -2.5, 2.5, 600, 1000, 0, 1, "0.698488+0.00874758*log(x+19)*log(x+18)*(3-0.371023*log(x+18))+0.0445105970371" 
2, comb, up_correlated, 0, -2.5, 2.5, 30, 50, 0, 1, "0.698488+0.00874758*log(x+19)*log(x+18)*(3-0.371023*log(x+18))+0.0106936407249" 
2, comb, up_uncorrelated, 1, -2.5, 2.5, 100, 140, 0, 1, "0.698488+0.00874758*log(x+19)*log(x+18)*(3-0.371023*log(x+18))+0.0520848408341" 
2, comb, up_uncorrelated, 1, -2.5, 2.5, 70, 100, 0, 1, "0.698488+0.00874758*log(x+19)*log(x+18)*(3-0.371023*log(x+18))+0.0470164045691" 
2, comb, up_uncorrelated, 1, -2.5, 2.5, 200, 300, 0, 1, "0.698488+0.00874758*log(x+19)*log(x+18)*(3-0.371023*log(x+18))+0.150840848684" 
2, comb, up_uncorrelated, 1, -2.5, 2.5, 300, 600, 0, 1, "0.698488+0.00874758*log(x+19)*log(x+18)*(3-0.371023*log(x+18))+0.13107419014" 
2, comb, up_uncorrelated, 1, -2.5, 2.5, 140, 200, 0, 1, "0.698488+0.00874758*log(x+19)*log(x+18)*(3-0.371023*log(x+18))+0.0679804384708" 
2, comb, up_uncorrelated, 1, -2.5, 2.5, 50, 70, 0, 1, "0.698488+0.00874758*log(x+19)*log(x+18)*(3-0.371023*log(x+18))+0.0344046019018" 
2, comb, up_uncorrelated, 1, -2.5, 2.5, 20, 30, 0, 1, "0.698488+0.00874758*log(x+19)*log(x+18)*(3-0.371023*log(x+18))+0.0668879374862" 
2, comb, up_uncorrelated, 1, -2.5, 2.5, 600, 1000, 0, 1, "0.698488+0.00874758*log(x+19)*log(x+18)*(3-0.371023*log(x+18))+0.226262480021" 
2, comb, up_uncorrelated, 1, -2.5, 2.5, 30, 50, 0, 1, "0.698488+0.00874758*log(x+19)*log(x+18)*(3-0.371023*log(x+18))+0.0288789086044" 
2, comb, up_uncorrelated, 0, -2.5, 2.5, 100, 140, 0, 1, "0.698488+0.00874758*log(x+19)*log(x+18)*(3-0.371023*log(x+18))+0.0148813836277" 
2, comb, up_uncorrelated, 0, -2.5, 2.5, 70, 100, 0, 1, "0.698488+0.00874758*log(x+19)*log(x+18)*(3-0.371023*log(x+18))+0.0134332580492" 
2, comb, up_uncorrelated, 0, -2.5, 2.5, 200, 300, 0, 1, "0.698488+0.00874758*log(x+19)*log(x+18)*(3-0.371023*log(x+18))+0.043097384274" 
2, comb, up_uncorrelated, 0, -2.5, 2.5, 300, 600, 0, 1, "0.698488+0.00874758*log(x+19)*log(x+18)*(3-0.371023*log(x+18))+0.0374497696757" 
2, comb, up_uncorrelated, 0, -2.5, 2.5, 140, 200, 0, 1, "0.698488+0.00874758*log(x+19)*log(x+18)*(3-0.371023*log(x+18))+0.0194229818881" 
2, comb, up_uncorrelated, 0, -2.5, 2.5, 50, 70, 0, 1, "0.698488+0.00874758*log(x+19)*log(x+18)*(3-0.371023*log(x+18))+0.00982988625765" 
2, comb, up_uncorrelated, 0, -2.5, 2.5, 20, 30, 0, 1, "0.698488+0.00874758*log(x+19)*log(x+18)*(3-0.371023*log(x+18))+0.0191108398139" 
2, comb, up_uncorrelated, 0, -2.5, 2.5, 600, 1000, 0, 1, "0.698488+0.00874758*log(x+19)*log(x+18)*(3-0.371023*log(x+18))+0.064646422863" 
2, comb, up_uncorrelated, 0, -2.5, 2.5, 30, 50, 0, 1, "0.698488+0.00874758*log(x+19)*log(x+18)*(3-0.371023*log(x+18))+0.00825111661106" 
2, mujets, central, 1, -2.5, 2.5, 20, 1000, 0, 1, "0.931095+4.31636e-06*log(x+19)*log(x+18)*(3-23.8655*log(x+18))" 
2, mujets, central, 0, -2.5, 2.5, 20, 1000, 0, 1, "0.931095+4.31636e-06*log(x+19)*log(x+18)*(3-23.8655*log(x+18))" 
2, mujets, down, 1, -2.5, 2.5, 20, 30, 0, 1, "0.931095+4.31636e-06*log(x+19)*log(x+18)*(3-23.8655*log(x+18))-0.15246689319610596" 
2, mujets, down, 1, -2.5, 2.5, 30, 50, 0, 1, "0.931095+4.31636e-06*log(x+19)*log(x+18)*(3-23.8655*log(x+18))-0.055732529610395432" 
2, mujets, down, 1, -2.5, 2.5, 50, 70, 0, 1, "0.931095+4.31636e-06*log(x+19)*log(x+18)*(3-23.8655*log(x+18))-0.06531040370464325" 
2, mujets, down, 1, -2.5, 2.5, 70, 100, 0, 1, "0.931095+4.31636e-06*log(x+19)*log(x+18)*(3-23.8655*log(x+18))-0.10346013307571411" 
2, mujets, down, 1, -2.5, 2.5, 100, 140, 0, 1, "0.931095+4.31636e-06*log(x+19)*log(x+18)*(3-23.8655*log(x+18))-0.15544819831848145" 
2, mujets, down, 1, -2.5, 2.5, 140, 200, 0, 1, "0.931095+4.31636e-06*log(x+19)*log(x+18)*(3-23.8655*log(x+18))-0.213650181889534" 
2, mujets, down, 1, -2.5, 2.5, 200, 300, 0, 1, "0.931095+4.31636e-06*log(x+19)*log(x+18)*(3-23.8655*log(x+18))-0.31602561473846436" 
2, mujets, down, 1, -2.5, 2.5, 300, 600, 0, 1, "0.931095+4.31636e-06*log(x+19)*log(x+18)*(3-23.8655*log(x+18))-0.21511562168598175" 
2, mujets, down, 1, -2.5, 2.5, 600, 1000, 0, 1, "0.931095+4.31636e-06*log(x+19)*log(x+18)*(3-23.8655*log(x+18))-0.27867665886878967" 
2, mujets, down, 0, -2.5, 2.5, 20, 30, 0, 1, "0.931095+4.31636e-06*log(x+19)*log(x+18)*(3-23.8655*log(x+18))-0.043561968952417374" 
2, mujets, down, 0, -2.5, 2.5, 30, 50, 0, 1, "0.931095+4.31636e-06*log(x+19)*log(x+18)*(3-23.8655*log(x+18))-0.015923580154776573" 
2, mujets, down, 0, -2.5, 2.5, 50, 70, 0, 1, "0.931095+4.31636e-06*log(x+19)*log(x+18)*(3-23.8655*log(x+18))-0.018660115078091621" 
2, mujets, down, 0, -2.5, 2.5, 70, 100, 0, 1, "0.931095+4.31636e-06*log(x+19)*log(x+18)*(3-23.8655*log(x+18))-0.029560038819909096" 
2, mujets, down, 0, -2.5, 2.5, 100, 140, 0, 1, "0.931095+4.31636e-06*log(x+19)*log(x+18)*(3-23.8655*log(x+18))-0.044413771480321884" 
2, mujets, down, 0, -2.5, 2.5, 140, 200, 0, 1, "0.931095+4.31636e-06*log(x+19)*log(x+18)*(3-23.8655*log(x+18))-0.061042908579111099" 
2, mujets, down, 0, -2.5, 2.5, 200, 300, 0, 1, "0.931095+4.31636e-06*log(x+19)*log(x+18)*(3-23.8655*log(x+18))-0.090293034911155701" 
2, mujets, down, 0, -2.5, 2.5, 300, 600, 0, 1, "0.931095+4.31636e-06*log(x+19)*log(x+18)*(3-23.8655*log(x+18))-0.061461605131626129" 
2, mujets, down, 0, -2.5, 2.5, 600, 1000, 0, 1, "0.931095+4.31636e-06*log(x+19)*log(x+18)*(3-23.8655*log(x+18))-0.079621903598308563" 
2, mujets, down_correlated, 1, -2.5, 2.5, 100, 140, 0, 1, "0.931095+4.31636e-06*log(x+19)*log(x+18)*(3-23.8655*log(x+18))-0.122802123944" 
2, mujets, down_correlated, 1, -2.5, 2.5, 70, 100, 0, 1, "0.931095+4.31636e-06*log(x+19)*log(x+18)*(3-23.8655*log(x+18))-0.0927904873371" 
2, mujets, down_correlated, 1, -2.5, 2.5, 200, 300, 0, 1, "0.931095+4.31636e-06*log(x+19)*log(x+18)*(3-23.8655*log(x+18))-0.250645230423" 
2, mujets, down_correlated, 1, -2.5, 2.5, 300, 600, 0, 1, "0.931095+4.31636e-06*log(x+19)*log(x+18)*(3-23.8655*log(x+18))-0.166123830385" 
2, mujets, down_correlated, 1, -2.5, 2.5, 140, 200, 0, 1, "0.931095+4.31636e-06*log(x+19)*log(x+18)*(3-23.8655*log(x+18))-0.189807277589" 
2, mujets, down_correlated, 1, -2.5, 2.5, 50, 70, 0, 1, "0.931095+4.31636e-06*log(x+19)*log(x+18)*(3-23.8655*log(x+18))-0.0579330133341" 
2, mujets, down_correlated, 1, -2.5, 2.5, 20, 30, 0, 1, "0.931095+4.31636e-06*log(x+19)*log(x+18)*(3-23.8655*log(x+18))-0.135436346343" 
2, mujets, down_correlated, 1, -2.5, 2.5, 600, 1000, 0, 1, "0.931095+4.31636e-06*log(x+19)*log(x+18)*(3-23.8655*log(x+18))-0.160989419507" 
2, mujets, down_correlated, 1, -2.5, 2.5, 30, 50, 0, 1, "0.931095+4.31636e-06*log(x+19)*log(x+18)*(3-23.8655*log(x+18))-0.0499373891562" 
2, mujets, down_correlated, 0, -2.5, 2.5, 100, 140, 0, 1, "0.931095+4.31636e-06*log(x+19)*log(x+18)*(3-23.8655*log(x+18))-0.0350863226265" 
2, mujets, down_correlated, 0, -2.5, 2.5, 70, 100, 0, 1, "0.931095+4.31636e-06*log(x+19)*log(x+18)*(3-23.8655*log(x+18))-0.0265115685694" 
2, mujets, down_correlated, 0, -2.5, 2.5, 200, 300, 0, 1, "0.931095+4.31636e-06*log(x+19)*log(x+18)*(3-23.8655*log(x+18))-0.0716129260707" 
2, mujets, down_correlated, 0, -2.5, 2.5, 300, 600, 0, 1, "0.931095+4.31636e-06*log(x+19)*log(x+18)*(3-23.8655*log(x+18))-0.0474639488468" 
2, mujets, down_correlated, 0, -2.5, 2.5, 140, 200, 0, 1, "0.931095+4.31636e-06*log(x+19)*log(x+18)*(3-23.8655*log(x+18))-0.0542306495906" 
2, mujets, down_correlated, 0, -2.5, 2.5, 50, 70, 0, 1, "0.931095+4.31636e-06*log(x+19)*log(x+18)*(3-23.8655*log(x+18))-0.0165522892933" 
2, mujets, down_correlated, 0, -2.5, 2.5, 20, 30, 0, 1, "0.931095+4.31636e-06*log(x+19)*log(x+18)*(3-23.8655*log(x+18))-0.0386960989064" 
2, mujets, down_correlated, 0, -2.5, 2.5, 600, 1000, 0, 1, "0.931095+4.31636e-06*log(x+19)*log(x+18)*(3-23.8655*log(x+18))-0.0459969773404" 
2, mujets, down_correlated, 0, -2.5, 2.5, 30, 50, 0, 1, "0.931095+4.31636e-06*log(x+19)*log(x+18)*(3-23.8655*log(x+18))-0.0142678257702" 
2, mujets, down_uncorrelated, 1, -2.5, 2.5, 100, 140, 0, 1, "0.931095+4.31636e-06*log(x+19)*log(x+18)*(3-23.8655*log(x+18))-0.0953088700771" 
2, mujets, down_uncorrelated, 1, -2.5, 2.5, 70, 100, 0, 1, "0.931095+4.31636e-06*log(x+19)*log(x+18)*(3-23.8655*log(x+18))-0.0457594208419" 
2, mujets, down_uncorrelated, 1, -2.5, 2.5, 200, 300, 0, 1, "0.931095+4.31636e-06*log(x+19)*log(x+18)*(3-23.8655*log(x+18))-0.192481577396" 
2, mujets, down_uncorrelated, 1, -2.5, 2.5, 300, 600, 0, 1, "0.931095+4.31636e-06*log(x+19)*log(x+18)*(3-23.8655*log(x+18))-0.136666029692" 
2, mujets, down_uncorrelated, 1, -2.5, 2.5, 140, 200, 0, 1, "0.931095+4.31636e-06*log(x+19)*log(x+18)*(3-23.8655*log(x+18))-0.098079547286" 
2, mujets, down_uncorrelated, 1, -2.5, 2.5, 50, 70, 0, 1, "0.931095+4.31636e-06*log(x+19)*log(x+18)*(3-23.8655*log(x+18))-0.0301531888545" 
2, mujets, down_uncorrelated, 1, -2.5, 2.5, 20, 30, 0, 1, "0.931095+4.31636e-06*log(x+19)*log(x+18)*(3-23.8655*log(x+18))-0.0700224936008" 
2, mujets, down_uncorrelated, 1, -2.5, 2.5, 600, 1000, 0, 1, "0.931095+4.31636e-06*log(x+19)*log(x+18)*(3-23.8655*log(x+18))-0.227471068501" 
2, mujets, down_uncorrelated, 1, -2.5, 2.5, 30, 50, 0, 1, "0.931095+4.31636e-06*log(x+19)*log(x+18)*(3-23.8655*log(x+18))-0.024746151641" 
2, mujets, down_uncorrelated, 0, -2.5, 2.5, 100, 140, 0, 1, "0.931095+4.31636e-06*log(x+19)*log(x+18)*(3-23.8655*log(x+18))-0.027231104672" 
2, mujets, down_uncorrelated, 0, -2.5, 2.5, 70, 100, 0, 1, "0.931095+4.31636e-06*log(x+19)*log(x+18)*(3-23.8655*log(x+18))-0.0130741205066" 
2, mujets, down_uncorrelated, 0, -2.5, 2.5, 200, 300, 0, 1, "0.931095+4.31636e-06*log(x+19)*log(x+18)*(3-23.8655*log(x+18))-0.0549947358668" 
2, mujets, down_uncorrelated, 0, -2.5, 2.5, 300, 600, 0, 1, "0.931095+4.31636e-06*log(x+19)*log(x+18)*(3-23.8655*log(x+18))-0.0390474386513" 
2, mujets, down_uncorrelated, 0, -2.5, 2.5, 140, 200, 0, 1, "0.931095+4.31636e-06*log(x+19)*log(x+18)*(3-23.8655*log(x+18))-0.0280227288604" 
2, mujets, down_uncorrelated, 0, -2.5, 2.5, 50, 70, 0, 1, "0.931095+4.31636e-06*log(x+19)*log(x+18)*(3-23.8655*log(x+18))-0.00861519668251" 
2, mujets, down_uncorrelated, 0, -2.5, 2.5, 20, 30, 0, 1, "0.931095+4.31636e-06*log(x+19)*log(x+18)*(3-23.8655*log(x+18))-0.0200064256787" 
2, mujets, down_uncorrelated, 0, -2.5, 2.5, 600, 1000, 0, 1, "0.931095+4.31636e-06*log(x+19)*log(x+18)*(3-23.8655*log(x+18))-0.0649917349219" 
2, mujets, down_uncorrelated, 0, -2.5, 2.5, 30, 50, 0, 1, "0.931095+4.31636e-06*log(x+19)*log(x+18)*(3-23.8655*log(x+18))-0.00707032904029" 
2, mujets, up, 1, -2.5, 2.5, 20, 30, 0, 1, "0.931095+4.31636e-06*log(x+19)*log(x+18)*(3-23.8655*log(x+18))+0.15246689319610596" 
2, mujets, up, 1, -2.5, 2.5, 30, 50, 0, 1, "0.931095+4.31636e-06*log(x+19)*log(x+18)*(3-23.8655*log(x+18))+0.055732529610395432" 
2, mujets, up, 1, -2.5, 2.5, 50, 70, 0, 1, "0.931095+4.31636e-06*log(x+19)*log(x+18)*(3-23.8655*log(x+18))+0.06531040370464325" 
2, mujets, up, 1, -2.5, 2.5, 70, 100, 0, 1, "0.931095+4.31636e-06*log(x+19)*log(x+18)*(3-23.8655*log(x+18))+0.10346013307571411" 
2, mujets, up, 1, -2.5, 2.5, 100, 140, 0, 1, "0.931095+4.31636e-06*log(x+19)*log(x+18)*(3-23.8655*log(x+18))+0.15544819831848145" 
2, mujets, up, 1, -2.5, 2.5, 140, 200, 0, 1, "0.931095+4.31636e-06*log(x+19)*log(x+18)*(3-23.8655*log(x+18))+0.213650181889534" 
2, mujets, up, 1, -2.5, 2.5, 200, 300, 0, 1, "0.931095+4.31636e-06*log(x+19)*log(x+18)*(3-23.8655*log(x+18))+0.31602561473846436" 
2, mujets, up, 1, -2.5, 2.5, 300, 600, 0, 1, "0.931095+4.31636e-06*log(x+19)*log(x+18)*(3-23.8655*log(x+18))+0.21511562168598175" 
2, mujets, up, 1, -2.5, 2.5, 600, 1000, 0, 1, "0.931095+4.31636e-06*log(x+19)*log(x+18)*(3-23.8655*log(x+18))+0.27867665886878967" 
2, mujets, up, 0, -2.5, 2.5, 20, 30, 0, 1, "0.931095+4.31636e-06*log(x+19)*log(x+18)*(3-23.8655*log(x+18))+0.043561968952417374" 
2, mujets, up, 0, -2.5, 2.5, 30, 50, 0, 1, "0.931095+4.31636e-06*log(x+19)*log(x+18)*(3-23.8655*log(x+18))+0.015923580154776573" 
2, mujets, up, 0, -2.5, 2.5, 50, 70, 0, 1, "0.931095+4.31636e-06*log(x+19)*log(x+18)*(3-23.8655*log(x+18))+0.018660115078091621" 
2, mujets, up, 0, -2.5, 2.5, 70, 100, 0, 1, "0.931095+4.31636e-06*log(x+19)*log(x+18)*(3-23.8655*log(x+18))+0.029560038819909096" 
2, mujets, up, 0, -2.5, 2.5, 100, 140, 0, 1, "0.931095+4.31636e-06*log(x+19)*log(x+18)*(3-23.8655*log(x+18))+0.044413771480321884" 
2, mujets, up, 0, -2.5, 2.5, 140, 200, 0, 1, "0.931095+4.31636e-06*log(x+19)*log(x+18)*(3-23.8655*log(x+18))+0.061042908579111099" 
2, mujets, up, 0, -2.5, 2.5, 200, 300, 0, 1, "0.931095+4.31636e-06*log(x+19)*log(x+18)*(3-23.8655*log(x+18))+0.090293034911155701" 
2, mujets, up, 0, -2.5, 2.5, 300, 600, 0, 1, "0.931095+4.31636e-06*log(x+19)*log(x+18)*(3-23.8655*log(x+18))+0.061461605131626129" 
2, mujets, up, 0, -2.5, 2.5, 600, 1000, 0, 1, "0.931095+4.31636e-06*log(x+19)*log(x+18)*(3-23.8655*log(x+18))+0.079621903598308563" 
2, mujets, up_correlated, 1, -2.5, 2.5, 100, 140, 0, 1, "0.931095+4.31636e-06*log(x+19)*log(x+18)*(3-23.8655*log(x+18))+0.122802123944" 
2, mujets, up_correlated, 1, -2.5, 2.5, 70, 100, 0, 1, "0.931095+4.31636e-06*log(x+19)*log(x+18)*(3-23.8655*log(x+18))+0.0927904873371" 
2, mujets, up_correlated, 1, -2.5, 2.5, 200, 300, 0, 1, "0.931095+4.31636e-06*log(x+19)*log(x+18)*(3-23.8655*log(x+18))+0.250645230423" 
2, mujets, up_correlated, 1, -2.5, 2.5, 300, 600, 0, 1, "0.931095+4.31636e-06*log(x+19)*log(x+18)*(3-23.8655*log(x+18))+0.166123830385" 
2, mujets, up_correlated, 1, -2.5, 2.5, 140, 200, 0, 1, "0.931095+4.31636e-06*log(x+19)*log(x+18)*(3-23.8655*log(x+18))+0.189807277589" 
2, mujets, up_correlated, 1, -2.5, 2.5, 50, 70, 0, 1, "0.931095+4.31636e-06*log(x+19)*log(x+18)*(3-23.8655*log(x+18))+0.0579330133341" 
2, mujets, up_correlated, 1, -2.5, 2.5, 20, 30, 0, 1, "0.931095+4.31636e-06*log(x+19)*log(x+18)*(3-23.8655*log(x+18))+0.135436346343" 
2, mujets, up_correlated, 1, -2.5, 2.5, 600, 1000, 0, 1, "0.931095+4.31636e-06*log(x+19)*log(x+18)*(3-23.8655*log(x+18))+0.160989419507" 
2, mujets, up_correlated, 1, -2.5, 2.5, 30, 50, 0, 1, "0.931095+4.31636e-06*log(x+19)*log(x+18)*(3-23.8655*log(x+18))+0.0499373891562" 
2, mujets, up_correlated, 0, -2.5, 2.5, 100, 140, 0, 1, "0.931095+4.31636e-06*log(x+19)*log(x+18)*(3-23.8655*log(x+18))+0.0350863226265" 
2, mujets, up_correlated, 0, -2.5, 2.5, 70, 100, 0, 1, "0.931095+4.31636e-06*log(x+19)*log(x+18)*(3-23.8655*log(x+18))+0.0265115685694" 
2, mujets, up_correlated, 0, -2.5, 2.5, 200, 300, 0, 1, "0.931095+4.31636e-06*log(x+19)*log(x+18)*(3-23.8655*log(x+18))+0.0716129260707" 
2, mujets, up_correlated, 0, -2.5, 2.5, 300, 600, 0, 1, "0.931095+4.31636e-06*log(x+19)*log(x+18)*(3-23.8655*log(x+18))+0.0474639488468" 
2, mujets, up_correlated, 0, -2.5, 2.5, 140, 200, 0, 1, "0.931095+4.31636e-06*log(x+19)*log(x+18)*(3-23.8655*log(x+18))+0.0542306495906" 
2, mujets, up_correlated, 0, -2.5, 2.5, 50, 70, 0, 1, "0.931095+4.31636e-06*log(x+19)*log(x+18)*(3-23.8655*log(x+18))+0.0165522892933" 
2, mujets, up_correlated, 0, -2.5, 2.5, 20, 30, 0, 1, "0.931095+4.31636e-06*log(x+19)*log(x+18)*(3-23.8655*log(x+18))+0.0386960989064" 
2, mujets, up_correlated, 0, -2.5, 2.5, 600, 1000, 0, 1, "0.931095+4.31636e-06*log(x+19)*log(x+18)*(3-23.8655*log(x+18))+0.0459969773404" 
2, mujets, up_correlated, 0, -2.5, 2.5, 30, 50, 0, 1, "0.931095+4.31636e-06*log(x+19)*log(x+18)*(3-23.8655*log(x+18))+0.0142678257702" 
2, mujets, up_uncorrelated, 1, -2.5, 2.5, 100, 140, 0, 1, "0.931095+4.31636e-06*log(x+19)*log(x+18)*(3-23.8655*log(x+18))+0.0953088700771" 
2, mujets, up_uncorrelated, 1, -2.5, 2.5, 70, 100, 0, 1, "0.931095+4.31636e-06*log(x+19)*log(x+18)*(3-23.8655*log(x+18))+0.0457594208419" 
2, mujets, up_uncorrelated, 1, -2.5, 2.5, 200, 300, 0, 1, "0.931095+4.31636e-06*log(x+19)*log(x+18)*(3-23.8655*log(x+18))+0.192481577396" 
2, mujets, up_uncorrelated, 1, -2.5, 2.5, 300, 600, 0, 1, "0.931095+4.31636e-06*log(x+19)*log(x+18)*(3-23.8655*log(x+18))+0.136666029692" 
2, mujets, up_uncorrelated, 1, -2.5, 2.5, 140, 200, 0, 1, "0.931095+4.31636e-06*log(x+19)*log(x+18)*(3-23.8655*log(x+18))+0.098079547286" 
2, mujets, up_uncorrelated, 1, -2.5, 2.5, 50, 70, 0, 1, "0.931095+4.31636e-06*log(x+19)*log(x+18)*(3-23.8655*log(x+18))+0.0301531888545" 
2, mujets, up_uncorrelated, 1, -2.5, 2.5, 20, 30, 0, 1, "0.931095+4.31636e-06*log(x+19)*log(x+18)*(3-23.8655*log(x+18))+0.0700224936008" 
2, mujets, up_uncorrelated, 1, -2.5, 2.5, 600, 1000, 0, 1, "0.931095+4.31636e-06*log(x+19)*log(x+18)*(3-23.8655*log(x+18))+0.227471068501" 
2, mujets, up_uncorrelated, 1, -2.5, 2.5, 30, 50, 0, 1, "0.931095+4.31636e-06*log(x+19)*log(x+18)*(3-23.8655*log(x+18))+0.024746151641" 
2, mujets, up_uncorrelated, 0, -2.5, 2.5, 100, 140, 0, 1, "0.931095+4.31636e-06*log(x+19)*log(x+18)*(3-23.8655*log(x+18))+0.027231104672" 
2, mujets, up_uncorrelated, 0, -2.5, 2.5, 70, 100, 0, 1, "0.931095+4.31636e-06*log(x+19)*log(x+18)*(3-23.8655*log(x+18))+0.0130741205066" 
2, mujets, up_uncorrelated, 0, -2.5, 2.5, 200, 300, 0, 1, "0.931095+4.31636e-06*log(x+19)*log(x+18)*(3-23.8655*log(x+18))+0.0549947358668" 
2, mujets, up_uncorrelated, 0, -2.5, 2.5, 300, 600, 0, 1, "0.931095+4.31636e-06*log(x+19)*log(x+18)*(3-23.8655*log(x+18))+0.0390474386513" 
2, mujets, up_uncorrelated, 0, -2.5, 2.5, 140, 200, 0, 1, "0.931095+4.31636e-06*log(x+19)*log(x+18)*(3-23.8655*log(x+18))+0.0280227288604" 
2, mujets, up_uncorrelated, 0, -2.5, 2.5, 50, 70, 0, 1, "0.931095+4.31636e-06*log(x+19)*log(x+18)*(3-23.8655*log(x+18))+0.00861519668251" 
2, mujets, up_uncorrelated, 0, -2.5, 2.5, 20, 30, 0, 1, "0.931095+4.31636e-06*log(x+19)*log(x+18)*(3-23.8655*log(x+18))+0.0200064256787" 
2, mujets, up_uncorrelated, 0, -2.5, 2.5, 600, 1000, 0, 1, "0.931095+4.31636e-06*log(x+19)*log(x+18)*(3-23.8655*log(x+18))+0.0649917349219" 
2, mujets, up_uncorrelated, 0, -2.5, 2.5, 30, 50, 0, 1, "0.931095+4.31636e-06*log(x+19)*log(x+18)*(3-23.8655*log(x+18))+0.00707032904029" 
