kin ;OperatingPoint, measurementType, sysType, jetFlavor, etaMin, etaMax, ptMin, ptMax, discrMin, discrMax, formula
0, kin, central, 0, -2.4, 2.4, 30, 50, 0, 1, "0.981253743172"
0, kin, central, 0, -2.4, 2.4, 50, 70, 0, 1, "0.978910565376"
0, kin, central, 0, -2.4, 2.4, 70, 100, 0, 1, "0.975971639156"
0, kin, central, 0, -2.4, 2.4, 100, 140, 0, 1, "0.965871155262"
0, kin, central, 0, -2.4, 2.4, 140, 200, 0, 1, "0.954353690147"
0, kin, central, 0, -2.4, 2.4, 200, 300, 0, 1, "0.939316987991"
0, kin, central, 0, -2.4, 2.4, 300, 600, 0, 1, "0.870733618736"
0, kin, down_jer, 0, -2.4, 2.4, 30, 50, 0, 1, "0.977328728199"
0, kin, down_jer, 0, -2.4, 2.4, 50, 70, 0, 1, "0.978881198059"
0, kin, down_jer, 0, -2.4, 2.4, 70, 100, 0, 1, "0.975913080858"
0, kin, down_jer, 0, -2.4, 2.4, 100, 140, 0, 1, "0.965822861704"
0, kin, down_jer, 0, -2.4, 2.4, 140, 200, 0, 1, "0.954162819409"
0, kin, down_jer, 0, -2.4, 2.4, 200, 300, 0, 1, "0.939223056292"
0, kin, down_jer, 0, -2.4, 2.4, 300, 600, 0, 1, "0.870124105203"
0, kin, down_qcdscale, 0, -2.4, 2.4, 30, 50, 0, 1, "0.978309981942"
0, kin, down_qcdscale, 0, -2.4, 2.4, 50, 70, 0, 1, "0.978225327980"
0, kin, down_qcdscale, 0, -2.4, 2.4, 70, 100, 0, 1, "0.973043724239"
0, kin, down_qcdscale, 0, -2.4, 2.4, 100, 140, 0, 1, "0.965677981031"
0, kin, down_qcdscale, 0, -2.4, 2.4, 140, 200, 0, 1, "0.952444982767"
0, kin, down_qcdscale, 0, -2.4, 2.4, 200, 300, 0, 1, "0.937438354015"
0, kin, down_qcdscale, 0, -2.4, 2.4, 300, 600, 0, 1, "0.866379950642"
0, kin, down_sel, 0, -2.4, 2.4, 30, 50, 0, 1, "0.980272489429"
0, kin, down_sel, 0, -2.4, 2.4, 50, 70, 0, 1, "0.977931654811"
0, kin, down_sel, 0, -2.4, 2.4, 70, 100, 0, 1, "0.975190861845"
0, kin, down_sel, 0, -2.4, 2.4, 100, 140, 0, 1, "0.965581393915"
0, kin, down_sel, 0, -2.4, 2.4, 140, 200, 0, 1, "0.953971948671"
0, kin, down_sel, 0, -2.4, 2.4, 200, 300, 0, 1, "0.939307594821"
0, kin, down_sel, 0, -2.4, 2.4, 300, 600, 0, 1, "0.870472398650"
0, kin, down_trig, 0, -2.4, 2.4, 30, 50, 0, 1, "0.980272489429"
0, kin, down_trig, 0, -2.4, 2.4, 50, 70, 0, 1, "0.977931654811"
0, kin, down_trig, 0, -2.4, 2.4, 70, 100, 0, 1, "0.975190861845"
0, kin, down_trig, 0, -2.4, 2.4, 100, 140, 0, 1, "0.965581393915"
0, kin, down_trig, 0, -2.4, 2.4, 140, 200, 0, 1, "0.953971948671"
0, kin, down_trig, 0, -2.4, 2.4, 200, 300, 0, 1, "0.939313230723"
0, kin, down_trig, 0, -2.4, 2.4, 300, 600, 0, 1, "0.870385325289"
0, kin, down_jes, 0, -2.4, 2.4, 30, 50, 0, 1, "0.979291235686"
0, kin, down_jes, 0, -2.4, 2.4, 50, 70, 0, 1, "0.978225327980"
0, kin, down_jes, 0, -2.4, 2.4, 70, 100, 0, 1, "0.975776444828"
0, kin, down_jes, 0, -2.4, 2.4, 100, 140, 0, 1, "0.965581393915"
0, kin, down_jes, 0, -2.4, 2.4, 140, 200, 0, 1, "0.954258254778"
0, kin, down_jes, 0, -2.4, 2.4, 200, 300, 0, 1, "0.938941261196"
0, kin, down_jes, 0, -2.4, 2.4, 300, 600, 0, 1, "0.870385325289"
0, kin, down_mistag, 0, -2.4, 2.4, 30, 50, 0, 1, "0.973403713227"
0, kin, down_mistag, 0, -2.4, 2.4, 50, 70, 0, 1, "0.975973833680"
0, kin, down_mistag, 0, -2.4, 2.4, 70, 100, 0, 1, "0.974019695878"
0, kin, down_mistag, 0, -2.4, 2.4, 100, 140, 0, 1, "0.963939412951"
0, kin, down_mistag, 0, -2.4, 2.4, 140, 200, 0, 1, "0.952444982767"
0, kin, down_mistag, 0, -2.4, 2.4, 200, 300, 0, 1, "0.936499037027"
0, kin, down_mistag, 0, -2.4, 2.4, 300, 600, 0, 1, "0.862026282549"
0, kin, down_isr, 0, -2.4, 2.4, 30, 50, 0, 1, "0.975366220713"
0, kin, down_isr, 0, -2.4, 2.4, 50, 70, 0, 1, "0.975973833680"
0, kin, down_isr, 0, -2.4, 2.4, 70, 100, 0, 1, "0.974995667517"
0, kin, down_isr, 0, -2.4, 2.4, 100, 140, 0, 1, "0.963939412951"
0, kin, down_isr, 0, -2.4, 2.4, 140, 200, 0, 1, "0.953876513302"
0, kin, down_isr, 0, -2.4, 2.4, 200, 300, 0, 1, "0.938471602702"
0, kin, down_isr, 0, -2.4, 2.4, 300, 600, 0, 1, "0.862026282549"
0, kin, down_fsr, 0, -2.4, 2.4, 30, 50, 0, 1, "0.980959367049"
0, kin, down_fsr, 0, -2.4, 2.4, 50, 70, 0, 1, "0.977931654811"
0, kin, down_fsr, 0, -2.4, 2.4, 70, 100, 0, 1, "0.972067752599"
0, kin, down_fsr, 0, -2.4, 2.4, 100, 140, 0, 1, "0.965291632569"
0, kin, down_fsr, 0, -2.4, 2.4, 140, 200, 0, 1, "0.953399336457"
0, kin, down_fsr, 0, -2.4, 2.4, 200, 300, 0, 1, "0.936499037027"
0, kin, down_fsr, 0, -2.4, 2.4, 300, 600, 0, 1, "0.868992151499"
0, kin, up_jer, 0, -2.4, 2.4, 30, 50, 0, 1, "0.981255705679"
0, kin, up_jer, 0, -2.4, 2.4, 50, 70, 0, 1, "0.979302129602"
0, kin, up_jer, 0, -2.4, 2.4, 70, 100, 0, 1, "0.976069236320"
0, kin, up_jer, 0, -2.4, 2.4, 100, 140, 0, 1, "0.966064329493"
0, kin, up_jer, 0, -2.4, 2.4, 140, 200, 0, 1, "0.954401407832"
0, kin, up_jer, 0, -2.4, 2.4, 200, 300, 0, 1, "0.939504851389"
0, kin, up_jer, 0, -2.4, 2.4, 300, 600, 0, 1, "0.870994838822"
0, kin, up_qcdscale, 0, -2.4, 2.4, 30, 50, 0, 1, "0.987141265631"
0, kin, up_qcdscale, 0, -2.4, 2.4, 50, 70, 0, 1, "0.980868386507"
0, kin, up_qcdscale, 0, -2.4, 2.4, 70, 100, 0, 1, "0.976947610795"
0, kin, up_qcdscale, 0, -2.4, 2.4, 100, 140, 0, 1, "0.967802897573"
0, kin, up_qcdscale, 0, -2.4, 2.4, 140, 200, 0, 1, "0.956262397527"
0, kin, up_qcdscale, 0, -2.4, 2.4, 200, 300, 0, 1, "0.943074255943"
0, kin, up_qcdscale, 0, -2.4, 2.4, 300, 600, 0, 1, "0.888148291111"
0, kin, up_sel, 0, -2.4, 2.4, 30, 50, 0, 1, "0.982234996915"
0, kin, up_sel, 0, -2.4, 2.4, 50, 70, 0, 1, "0.979889475941"
0, kin, up_sel, 0, -2.4, 2.4, 70, 100, 0, 1, "0.976752416467"
0, kin, up_sel, 0, -2.4, 2.4, 100, 140, 0, 1, "0.966160916609"
0, kin, up_sel, 0, -2.4, 2.4, 140, 200, 0, 1, "0.954735431623"
0, kin, up_sel, 0, -2.4, 2.4, 200, 300, 0, 1, "0.939335774331"
0, kin, up_sel, 0, -2.4, 2.4, 300, 600, 0, 1, "0.871168985545"
0, kin, up_trig, 0, -2.4, 2.4, 30, 50, 0, 1, "0.982234996915"
0, kin, up_trig, 0, -2.4, 2.4, 50, 70, 0, 1, "0.979889475941"
0, kin, up_trig, 0, -2.4, 2.4, 70, 100, 0, 1, "0.976752416467"
0, kin, up_trig, 0, -2.4, 2.4, 100, 140, 0, 1, "0.966160916609"
0, kin, up_trig, 0, -2.4, 2.4, 140, 200, 0, 1, "0.954735431623"
0, kin, up_trig, 0, -2.4, 2.4, 200, 300, 0, 1, "0.939318866625"
0, kin, up_trig, 0, -2.4, 2.4, 300, 600, 0, 1, "0.871081912183"
0, kin, up_jes, 0, -2.4, 2.4, 30, 50, 0, 1, "0.987141265631"
0, kin, up_jes, 0, -2.4, 2.4, 50, 70, 0, 1, "0.979204238546"
0, kin, up_jes, 0, -2.4, 2.4, 70, 100, 0, 1, "0.975980422901"
0, kin, up_jes, 0, -2.4, 2.4, 100, 140, 0, 1, "0.965879848102"
0, kin, up_jes, 0, -2.4, 2.4, 140, 200, 0, 1, "0.954544560885"
0, kin, up_jes, 0, -2.4, 2.4, 200, 300, 0, 1, "0.939504851389"
0, kin, up_jes, 0, -2.4, 2.4, 300, 600, 0, 1, "0.871604352355"
0, kin, up_mistag, 0, -2.4, 2.4, 30, 50, 0, 1, "0.989103773117"
0, kin, up_mistag, 0, -2.4, 2.4, 50, 70, 0, 1, "0.981847297072"
0, kin, up_mistag, 0, -2.4, 2.4, 70, 100, 0, 1, "0.977923582434"
0, kin, up_mistag, 0, -2.4, 2.4, 100, 140, 0, 1, "0.967802897573"
0, kin, up_mistag, 0, -2.4, 2.4, 140, 200, 0, 1, "0.956262397527"
0, kin, up_mistag, 0, -2.4, 2.4, 200, 300, 0, 1, "0.942134938955"
0, kin, up_mistag, 0, -2.4, 2.4, 300, 600, 0, 1, "0.879440954923"
0, kin, up_isr, 0, -2.4, 2.4, 30, 50, 0, 1, "0.984197504402"
0, kin, up_isr, 0, -2.4, 2.4, 50, 70, 0, 1, "0.978988878221"
0, kin, up_isr, 0, -2.4, 2.4, 70, 100, 0, 1, "0.978899554073"
0, kin, up_isr, 0, -2.4, 2.4, 100, 140, 0, 1, "0.965948424954"
0, kin, up_isr, 0, -2.4, 2.4, 140, 200, 0, 1, "0.955021737730"
0, kin, up_isr, 0, -2.4, 2.4, 200, 300, 0, 1, "0.939692714786"
0, kin, up_isr, 0, -2.4, 2.4, 300, 600, 0, 1, "0.879440954923"
0, kin, up_fsr, 0, -2.4, 2.4, 30, 50, 0, 1, "0.988122519374"
0, kin, up_fsr, 0, -2.4, 2.4, 50, 70, 0, 1, "0.981847297072"
0, kin, up_fsr, 0, -2.4, 2.4, 70, 100, 0, 1, "0.976947610795"
0, kin, up_fsr, 0, -2.4, 2.4, 100, 140, 0, 1, "0.966837026417"
0, kin, up_fsr, 0, -2.4, 2.4, 140, 200, 0, 1, "0.954639996254"
0, kin, up_fsr, 0, -2.4, 2.4, 200, 300, 0, 1, "0.939786646485"
0, kin, up_fsr, 0, -2.4, 2.4, 300, 600, 0, 1, "0.879440954923"
1, kin, central, 0, -2.4, 2.4, 30, 50, 0, 1, "0.984718680382"
1, kin, central, 0, -2.4, 2.4, 50, 70, 0, 1, "0.952308058739"
1, kin, central, 0, -2.4, 2.4, 70, 100, 0, 1, "0.957758843899"
1, kin, central, 0, -2.4, 2.4, 100, 140, 0, 1, "0.949635803699"
1, kin, central, 0, -2.4, 2.4, 140, 200, 0, 1, "0.932837843895"
1, kin, central, 0, -2.4, 2.4, 200, 300, 0, 1, "0.914819359779"
1, kin, central, 0, -2.4, 2.4, 300, 600, 0, 1, "0.826951920986"
1, kin, down_jer, 0, -2.4, 2.4, 30, 50, 0, 1, "0.980779805660"
1, kin, down_jer, 0, -2.4, 2.4, 50, 70, 0, 1, "0.952241397175"
1, kin, down_jer, 0, -2.4, 2.4, 70, 100, 0, 1, "0.957663068015"
1, kin, down_jer, 0, -2.4, 2.4, 100, 140, 0, 1, "0.949550336477"
1, kin, down_jer, 0, -2.4, 2.4, 140, 200, 0, 1, "0.932836911057"
1, kin, down_jer, 0, -2.4, 2.4, 200, 300, 0, 1, "0.914764470617"
1, kin, down_jer, 0, -2.4, 2.4, 300, 600, 0, 1, "0.826927112428"
1, kin, down_qcdscale, 0, -2.4, 2.4, 30, 50, 0, 1, "0.981764524341"
1, kin, down_qcdscale, 0, -2.4, 2.4, 50, 70, 0, 1, "0.949451134563"
1, kin, down_qcdscale, 0, -2.4, 2.4, 70, 100, 0, 1, "0.953927808523"
1, kin, down_qcdscale, 0, -2.4, 2.4, 100, 140, 0, 1, "0.947736532092"
1, kin, down_qcdscale, 0, -2.4, 2.4, 140, 200, 0, 1, "0.929106492519"
1, kin, down_qcdscale, 0, -2.4, 2.4, 200, 300, 0, 1, "0.907500804901"
1, kin, down_qcdscale, 0, -2.4, 2.4, 300, 600, 0, 1, "0.785604324937"
1, kin, down_sel, 0, -2.4, 2.4, 30, 50, 0, 1, "0.982749243021"
1, kin, down_sel, 0, -2.4, 2.4, 50, 70, 0, 1, "0.951355750680"
1, kin, down_sel, 0, -2.4, 2.4, 70, 100, 0, 1, "0.956801085055"
1, kin, down_sel, 0, -2.4, 2.4, 100, 140, 0, 1, "0.949160985797"
1, kin, down_sel, 0, -2.4, 2.4, 140, 200, 0, 1, "0.932464708757"
1, kin, down_sel, 0, -2.4, 2.4, 200, 300, 0, 1, "0.914636395907"
1, kin, down_sel, 0, -2.4, 2.4, 300, 600, 0, 1, "0.826621140218"
1, kin, down_trig, 0, -2.4, 2.4, 30, 50, 0, 1, "0.982749243021"
1, kin, down_trig, 0, -2.4, 2.4, 50, 70, 0, 1, "0.951355750680"
1, kin, down_trig, 0, -2.4, 2.4, 70, 100, 0, 1, "0.956801085055"
1, kin, down_trig, 0, -2.4, 2.4, 100, 140, 0, 1, "0.949160985797"
1, kin, down_trig, 0, -2.4, 2.4, 140, 200, 0, 1, "0.932464708757"
1, kin, down_trig, 0, -2.4, 2.4, 200, 300, 0, 1, "0.914636395907"
1, kin, down_trig, 0, -2.4, 2.4, 300, 600, 0, 1, "0.826538445026"
1, kin, down_jes, 0, -2.4, 2.4, 30, 50, 0, 1, "0.982749243021"
1, kin, down_jes, 0, -2.4, 2.4, 50, 70, 0, 1, "0.951641443098"
1, kin, down_jes, 0, -2.4, 2.4, 70, 100, 0, 1, "0.957663068015"
1, kin, down_jes, 0, -2.4, 2.4, 100, 140, 0, 1, "0.949255949378"
1, kin, down_jes, 0, -2.4, 2.4, 140, 200, 0, 1, "0.932651276326"
1, kin, down_jes, 0, -2.4, 2.4, 200, 300, 0, 1, "0.914361950099"
1, kin, down_jes, 0, -2.4, 2.4, 300, 600, 0, 1, "0.826877495313"
1, kin, down_mistag, 0, -2.4, 2.4, 30, 50, 0, 1, "0.980779805660"
1, kin, down_mistag, 0, -2.4, 2.4, 50, 70, 0, 1, "0.950403442622"
1, kin, down_mistag, 0, -2.4, 2.4, 70, 100, 0, 1, "0.956801085055"
1, kin, down_mistag, 0, -2.4, 2.4, 100, 140, 0, 1, "0.948686167895"
1, kin, down_mistag, 0, -2.4, 2.4, 140, 200, 0, 1, "0.930972168207"
1, kin, down_mistag, 0, -2.4, 2.4, 200, 300, 0, 1, "0.912074901700"
1, kin, down_mistag, 0, -2.4, 2.4, 300, 600, 0, 1, "0.819509353697"
1, kin, down_isr, 0, -2.4, 2.4, 30, 50, 0, 1, "0.978810368300"
1, kin, down_isr, 0, -2.4, 2.4, 50, 70, 0, 1, "0.951831904710"
1, kin, down_isr, 0, -2.4, 2.4, 70, 100, 0, 1, "0.956801085055"
1, kin, down_isr, 0, -2.4, 2.4, 100, 140, 0, 1, "0.948781131476"
1, kin, down_isr, 0, -2.4, 2.4, 140, 200, 0, 1, "0.931905006051"
1, kin, down_isr, 0, -2.4, 2.4, 200, 300, 0, 1, "0.911160082340"
1, kin, down_isr, 0, -2.4, 2.4, 300, 600, 0, 1, "0.793873844147"
1, kin, down_fsr, 0, -2.4, 2.4, 30, 50, 0, 1, "0.984659597261"
1, kin, down_fsr, 0, -2.4, 2.4, 50, 70, 0, 1, "0.947546518445"
1, kin, down_fsr, 0, -2.4, 2.4, 70, 100, 0, 1, "0.953927808523"
1, kin, down_fsr, 0, -2.4, 2.4, 100, 140, 0, 1, "0.947736532092"
1, kin, down_fsr, 0, -2.4, 2.4, 140, 200, 0, 1, "0.929106492519"
1, kin, down_fsr, 0, -2.4, 2.4, 200, 300, 0, 1, "0.907500804901"
1, kin, down_fsr, 0, -2.4, 2.4, 300, 600, 0, 1, "0.793873844147"
1, kin, up_jer, 0, -2.4, 2.4, 30, 50, 0, 1, "0.985014095986"
1, kin, up_jer, 0, -2.4, 2.4, 50, 70, 0, 1, "0.952593751157"
1, kin, up_jer, 0, -2.4, 2.4, 70, 100, 0, 1, "0.957950395668"
1, kin, up_jer, 0, -2.4, 2.4, 100, 140, 0, 1, "0.949825730860"
1, kin, up_jer, 0, -2.4, 2.4, 140, 200, 0, 1, "0.932921799301"
1, kin, up_jer, 0, -2.4, 2.4, 200, 300, 0, 1, "0.915002323651"
1, kin, up_jer, 0, -2.4, 2.4, 300, 600, 0, 1, "0.827448092139"
1, kin, up_qcdscale, 0, -2.4, 2.4, 30, 50, 0, 1, "0.990626992464"
1, kin, up_qcdscale, 0, -2.4, 2.4, 50, 70, 0, 1, "0.953260366798"
1, kin, up_qcdscale, 0, -2.4, 2.4, 70, 100, 0, 1, "0.959674361587"
1, kin, up_qcdscale, 0, -2.4, 2.4, 100, 140, 0, 1, "0.950585439503"
1, kin, up_qcdscale, 0, -2.4, 2.4, 140, 200, 0, 1, "0.933397546601"
1, kin, up_qcdscale, 0, -2.4, 2.4, 200, 300, 0, 1, "0.915002323651"
1, kin, up_qcdscale, 0, -2.4, 2.4, 300, 600, 0, 1, "0.843490959406"
1, kin, up_sel, 0, -2.4, 2.4, 30, 50, 0, 1, "0.986688117743"
1, kin, up_sel, 0, -2.4, 2.4, 50, 70, 0, 1, "0.953260366798"
1, kin, up_sel, 0, -2.4, 2.4, 70, 100, 0, 1, "0.958716602743"
1, kin, up_sel, 0, -2.4, 2.4, 100, 140, 0, 1, "0.950110621601"
1, kin, up_sel, 0, -2.4, 2.4, 140, 200, 0, 1, "0.933210979033"
1, kin, up_sel, 0, -2.4, 2.4, 200, 300, 0, 1, "0.915093805587"
1, kin, up_sel, 0, -2.4, 2.4, 300, 600, 0, 1, "0.827365396946"
1, kin, up_trig, 0, -2.4, 2.4, 30, 50, 0, 1, "0.986688117743"
1, kin, up_trig, 0, -2.4, 2.4, 50, 70, 0, 1, "0.953260366798"
1, kin, up_trig, 0, -2.4, 2.4, 70, 100, 0, 1, "0.958716602743"
1, kin, up_trig, 0, -2.4, 2.4, 100, 140, 0, 1, "0.950110621601"
1, kin, up_trig, 0, -2.4, 2.4, 140, 200, 0, 1, "0.933210979033"
1, kin, up_trig, 0, -2.4, 2.4, 200, 300, 0, 1, "0.915002323651"
1, kin, up_trig, 0, -2.4, 2.4, 300, 600, 0, 1, "0.827365396946"
1, kin, up_jes, 0, -2.4, 2.4, 30, 50, 0, 1, "0.991611711145"
1, kin, up_jes, 0, -2.4, 2.4, 50, 70, 0, 1, "0.952688981962"
1, kin, up_jes, 0, -2.4, 2.4, 70, 100, 0, 1, "0.957950395668"
1, kin, up_jes, 0, -2.4, 2.4, 100, 140, 0, 1, "0.949825730860"
1, kin, up_jes, 0, -2.4, 2.4, 140, 200, 0, 1, "0.932865829030"
1, kin, up_jes, 0, -2.4, 2.4, 200, 300, 0, 1, "0.915002323651"
1, kin, up_jes, 0, -2.4, 2.4, 300, 600, 0, 1, "0.827696177715"
1, kin, up_mistag, 0, -2.4, 2.4, 30, 50, 0, 1, "0.987672836423"
1, kin, up_mistag, 0, -2.4, 2.4, 50, 70, 0, 1, "0.954212674856"
1, kin, up_mistag, 0, -2.4, 2.4, 70, 100, 0, 1, "0.958716602743"
1, kin, up_mistag, 0, -2.4, 2.4, 100, 140, 0, 1, "0.950585439503"
1, kin, up_mistag, 0, -2.4, 2.4, 140, 200, 0, 1, "0.933770681739"
1, kin, up_mistag, 0, -2.4, 2.4, 200, 300, 0, 1, "0.917563817858"
1, kin, up_mistag, 0, -2.4, 2.4, 300, 600, 0, 1, "0.834394488275"
1, kin, up_isr, 0, -2.4, 2.4, 30, 50, 0, 1, "0.986688117743"
1, kin, up_isr, 0, -2.4, 2.4, 50, 70, 0, 1, "0.956117290974"
1, kin, up_isr, 0, -2.4, 2.4, 70, 100, 0, 1, "0.961589879275"
1, kin, up_isr, 0, -2.4, 2.4, 100, 140, 0, 1, "0.950585439503"
1, kin, up_isr, 0, -2.4, 2.4, 140, 200, 0, 1, "0.935636357427"
1, kin, up_isr, 0, -2.4, 2.4, 200, 300, 0, 1, "0.920308275938"
1, kin, up_isr, 0, -2.4, 2.4, 300, 600, 0, 1, "0.851760478616"
1, kin, up_fsr, 0, -2.4, 2.4, 30, 50, 0, 1, "0.990626992464"
1, kin, up_fsr, 0, -2.4, 2.4, 50, 70, 0, 1, "0.952974674380"
1, kin, up_fsr, 0, -2.4, 2.4, 70, 100, 0, 1, "0.959674361587"
1, kin, up_fsr, 0, -2.4, 2.4, 100, 140, 0, 1, "0.950110621601"
1, kin, up_fsr, 0, -2.4, 2.4, 140, 200, 0, 1, "0.934703519583"
1, kin, up_fsr, 0, -2.4, 2.4, 200, 300, 0, 1, "0.918478637218"
1, kin, up_fsr, 0, -2.4, 2.4, 300, 600, 0, 1, "0.860029997825"
2, kin, central, 0, -2.4, 2.4, 30, 50, 0, 1, "0.973712563515"
2, kin, central, 0, -2.4, 2.4, 50, 70, 0, 1, "0.938683688641"
2, kin, central, 0, -2.4, 2.4, 70, 100, 0, 1, "0.943802475929"
2, kin, central, 0, -2.4, 2.4, 100, 140, 0, 1, "0.933334469795"
2, kin, central, 0, -2.4, 2.4, 140, 200, 0, 1, "0.917857944965"
2, kin, central, 0, -2.4, 2.4, 200, 300, 0, 1, "0.892019271851"
2, kin, central, 0, -2.4, 2.4, 300, 600, 0, 1, "0.781046926975"
2, kin, down_jer, 0, -2.4, 2.4, 30, 50, 0, 1, "0.969817713261"
2, kin, down_jer, 0, -2.4, 2.4, 50, 70, 0, 1, "0.938589820272"
2, kin, down_jer, 0, -2.4, 2.4, 70, 100, 0, 1, "0.943708095681"
2, kin, down_jer, 0, -2.4, 2.4, 100, 140, 0, 1, "0.933147802901"
2, kin, down_jer, 0, -2.4, 2.4, 140, 200, 0, 1, "0.917766159171"
2, kin, down_jer, 0, -2.4, 2.4, 200, 300, 0, 1, "0.891751666069"
2, kin, down_jer, 0, -2.4, 2.4, 300, 600, 0, 1, "0.780734508204"
2, kin, down_qcdscale, 0, -2.4, 2.4, 30, 50, 0, 1, "0.972738850951"
2, kin, down_qcdscale, 0, -2.4, 2.4, 50, 70, 0, 1, "0.935867637575"
2, kin, down_qcdscale, 0, -2.4, 2.4, 70, 100, 0, 1, "0.939083463549"
2, kin, down_qcdscale, 0, -2.4, 2.4, 100, 140, 0, 1, "0.930534466386"
2, kin, down_qcdscale, 0, -2.4, 2.4, 140, 200, 0, 1, "0.910515081405"
2, kin, down_qcdscale, 0, -2.4, 2.4, 200, 300, 0, 1, "0.874178886414"
2, kin, down_qcdscale, 0, -2.4, 2.4, 300, 600, 0, 1, "0.718563172817"
2, kin, down_sel, 0, -2.4, 2.4, 30, 50, 0, 1, "0.971765138388"
2, kin, down_sel, 0, -2.4, 2.4, 50, 70, 0, 1, "0.937745004952"
2, kin, down_sel, 0, -2.4, 2.4, 70, 100, 0, 1, "0.942858673453"
2, kin, down_sel, 0, -2.4, 2.4, 100, 140, 0, 1, "0.932867802560"
2, kin, down_sel, 0, -2.4, 2.4, 140, 200, 0, 1, "0.917399015993"
2, kin, down_sel, 0, -2.4, 2.4, 200, 300, 0, 1, "0.891840867997"
2, kin, down_sel, 0, -2.4, 2.4, 300, 600, 0, 1, "0.781007874629"
2, kin, down_trig, 0, -2.4, 2.4, 30, 50, 0, 1, "0.971765138388"
2, kin, down_trig, 0, -2.4, 2.4, 50, 70, 0, 1, "0.937745004952"
2, kin, down_trig, 0, -2.4, 2.4, 70, 100, 0, 1, "0.942858673453"
2, kin, down_trig, 0, -2.4, 2.4, 100, 140, 0, 1, "0.932774469113"
2, kin, down_trig, 0, -2.4, 2.4, 140, 200, 0, 1, "0.917399015993"
2, kin, down_trig, 0, -2.4, 2.4, 200, 300, 0, 1, "0.891840867997"
2, kin, down_trig, 0, -2.4, 2.4, 300, 600, 0, 1, "0.781015685098"
2, kin, down_jes, 0, -2.4, 2.4, 30, 50, 0, 1, "0.971765138388"
2, kin, down_jes, 0, -2.4, 2.4, 50, 70, 0, 1, "0.938214346797"
2, kin, down_jes, 0, -2.4, 2.4, 70, 100, 0, 1, "0.943755285805"
2, kin, down_jes, 0, -2.4, 2.4, 100, 140, 0, 1, "0.932867802560"
2, kin, down_jes, 0, -2.4, 2.4, 140, 200, 0, 1, "0.917490801787"
2, kin, down_jes, 0, -2.4, 2.4, 200, 300, 0, 1, "0.891394858361"
2, kin, down_jes, 0, -2.4, 2.4, 300, 600, 0, 1, "0.780890717590"
2, kin, down_mistag, 0, -2.4, 2.4, 30, 50, 0, 1, "0.971765138388"
2, kin, down_mistag, 0, -2.4, 2.4, 50, 70, 0, 1, "0.938120478428"
2, kin, down_mistag, 0, -2.4, 2.4, 70, 100, 0, 1, "0.943330574691"
2, kin, down_mistag, 0, -2.4, 2.4, 100, 140, 0, 1, "0.932867802560"
2, kin, down_mistag, 0, -2.4, 2.4, 140, 200, 0, 1, "0.917307230198"
2, kin, down_mistag, 0, -2.4, 2.4, 200, 300, 0, 1, "0.891127252579"
2, kin, down_mistag, 0, -2.4, 2.4, 300, 600, 0, 1, "0.777922739267"
2, kin, down_isr, 0, -2.4, 2.4, 30, 50, 0, 1, "0.968844000697"
2, kin, down_isr, 0, -2.4, 2.4, 50, 70, 0, 1, "0.938608593946"
2, kin, down_isr, 0, -2.4, 2.4, 70, 100, 0, 1, "0.941914870977"
2, kin, down_isr, 0, -2.4, 2.4, 100, 140, 0, 1, "0.933147802901"
2, kin, down_isr, 0, -2.4, 2.4, 140, 200, 0, 1, "0.914186513185"
2, kin, down_isr, 0, -2.4, 2.4, 200, 300, 0, 1, "0.883099079132"
2, kin, down_isr, 0, -2.4, 2.4, 300, 600, 0, 1, "0.726373642087"
2, kin, down_fsr, 0, -2.4, 2.4, 30, 50, 0, 1, "0.972738850951"
2, kin, down_fsr, 0, -2.4, 2.4, 50, 70, 0, 1, "0.934928953886"
2, kin, down_fsr, 0, -2.4, 2.4, 70, 100, 0, 1, "0.939083463549"
2, kin, down_fsr, 0, -2.4, 2.4, 100, 140, 0, 1, "0.930534466386"
2, kin, down_fsr, 0, -2.4, 2.4, 140, 200, 0, 1, "0.911432939350"
2, kin, down_fsr, 0, -2.4, 2.4, 200, 300, 0, 1, "0.874178886414"
2, kin, down_fsr, 0, -2.4, 2.4, 300, 600, 0, 1, "0.726373642087"
2, kin, up_jer, 0, -2.4, 2.4, 30, 50, 0, 1, "0.974199419797"
2, kin, up_jer, 0, -2.4, 2.4, 50, 70, 0, 1, "0.938871425379"
2, kin, up_jer, 0, -2.4, 2.4, 70, 100, 0, 1, "0.943868542102"
2, kin, up_jer, 0, -2.4, 2.4, 100, 140, 0, 1, "0.933521136689"
2, kin, up_jer, 0, -2.4, 2.4, 140, 200, 0, 1, "0.918041516554"
2, kin, up_jer, 0, -2.4, 2.4, 200, 300, 0, 1, "0.892197675705"
2, kin, up_jer, 0, -2.4, 2.4, 300, 600, 0, 1, "0.781359345746"
2, kin, up_qcdscale, 0, -2.4, 2.4, 30, 50, 0, 1, "0.978581126333"
2, kin, up_qcdscale, 0, -2.4, 2.4, 50, 70, 0, 1, "0.939059162116"
2, kin, up_qcdscale, 0, -2.4, 2.4, 70, 100, 0, 1, "0.945690080881"
2, kin, up_qcdscale, 0, -2.4, 2.4, 100, 140, 0, 1, "0.933894470477"
2, kin, up_qcdscale, 0, -2.4, 2.4, 140, 200, 0, 1, "0.919693660855"
2, kin, up_qcdscale, 0, -2.4, 2.4, 200, 300, 0, 1, "0.898263406754"
2, kin, up_qcdscale, 0, -2.4, 2.4, 300, 600, 0, 1, "0.820099273324"
2, kin, up_sel, 0, -2.4, 2.4, 30, 50, 0, 1, "0.975659988642"
2, kin, up_sel, 0, -2.4, 2.4, 50, 70, 0, 1, "0.939622372330"
2, kin, up_sel, 0, -2.4, 2.4, 70, 100, 0, 1, "0.944746278405"
2, kin, up_sel, 0, -2.4, 2.4, 100, 140, 0, 1, "0.933801137030"
2, kin, up_sel, 0, -2.4, 2.4, 140, 200, 0, 1, "0.918316873937"
2, kin, up_sel, 0, -2.4, 2.4, 200, 300, 0, 1, "0.892197675705"
2, kin, up_sel, 0, -2.4, 2.4, 300, 600, 0, 1, "0.781070358383"
2, kin, up_trig, 0, -2.4, 2.4, 30, 50, 0, 1, "0.975659988642"
2, kin, up_trig, 0, -2.4, 2.4, 50, 70, 0, 1, "0.939622372330"
2, kin, up_trig, 0, -2.4, 2.4, 70, 100, 0, 1, "0.944746278405"
2, kin, up_trig, 0, -2.4, 2.4, 100, 140, 0, 1, "0.933894470477"
2, kin, up_trig, 0, -2.4, 2.4, 140, 200, 0, 1, "0.918316873937"
2, kin, up_trig, 0, -2.4, 2.4, 200, 300, 0, 1, "0.892197675705"
2, kin, up_trig, 0, -2.4, 2.4, 300, 600, 0, 1, "0.781078168852"
2, kin, up_jes, 0, -2.4, 2.4, 30, 50, 0, 1, "0.980528551460"
2, kin, up_jes, 0, -2.4, 2.4, 50, 70, 0, 1, "0.938965293748"
2, kin, up_jes, 0, -2.4, 2.4, 70, 100, 0, 1, "0.944085616672"
2, kin, up_jes, 0, -2.4, 2.4, 100, 140, 0, 1, "0.933801137030"
2, kin, up_jes, 0, -2.4, 2.4, 140, 200, 0, 1, "0.918041516554"
2, kin, up_jes, 0, -2.4, 2.4, 200, 300, 0, 1, "0.892376079560"
2, kin, up_jes, 0, -2.4, 2.4, 300, 600, 0, 1, "0.781359345746"
2, kin, up_mistag, 0, -2.4, 2.4, 30, 50, 0, 1, "0.975659988642"
2, kin, up_mistag, 0, -2.4, 2.4, 50, 70, 0, 1, "0.939246898854"
2, kin, up_mistag, 0, -2.4, 2.4, 70, 100, 0, 1, "0.944274377167"
2, kin, up_mistag, 0, -2.4, 2.4, 100, 140, 0, 1, "0.933801137030"
2, kin, up_mistag, 0, -2.4, 2.4, 140, 200, 0, 1, "0.918408659732"
2, kin, up_mistag, 0, -2.4, 2.4, 200, 300, 0, 1, "0.892911291123"
2, kin, up_mistag, 0, -2.4, 2.4, 300, 600, 0, 1, "0.784171114683"
2, kin, up_isr, 0, -2.4, 2.4, 30, 50, 0, 1, "0.974588904822"
2, kin, up_isr, 0, -2.4, 2.4, 50, 70, 0, 1, "0.942438423396"
2, kin, up_isr, 0, -2.4, 2.4, 70, 100, 0, 1, "0.948521488309"
2, kin, up_isr, 0, -2.4, 2.4, 100, 140, 0, 1, "0.936134473204"
2, kin, up_isr, 0, -2.4, 2.4, 140, 200, 0, 1, "0.923365092635"
2, kin, up_isr, 0, -2.4, 2.4, 200, 300, 0, 1, "0.900939464570"
2, kin, up_isr, 0, -2.4, 2.4, 300, 600, 0, 1, "0.835720211863"
2, kin, up_fsr, 0, -2.4, 2.4, 30, 50, 0, 1, "0.978581126333"
2, kin, up_fsr, 0, -2.4, 2.4, 50, 70, 0, 1, "0.939153030485"
2, kin, up_fsr, 0, -2.4, 2.4, 70, 100, 0, 1, "0.946633883357"
2, kin, up_fsr, 0, -2.4, 2.4, 100, 140, 0, 1, "0.933987803924"
2, kin, up_fsr, 0, -2.4, 2.4, 140, 200, 0, 1, "0.922447234690"
2, kin, up_fsr, 0, -2.4, 2.4, 200, 300, 0, 1, "0.900939464570"
2, kin, up_fsr, 0, -2.4, 2.4, 300, 600, 0, 1, "0.835720211863"
0, kin, down_hdamp, 0, -2.4, 2.4, 30, 50, 0, 1, "0.983619"
0, kin, up_hdamp, 0, -2.4, 2.4, 30, 50, 0, 1, "0.985201"
0, kin, down_tuneCP5, 0, -2.4, 2.4, 30, 50, 0, 1, "0.984963"
0, kin, up_tuneCP5, 0, -2.4, 2.4, 30, 50, 0, 1, "0.978559"
0, kin, down_mtop, 0, -2.4, 2.4, 30, 50, 0, 1, "0.975707"
0, kin, up_mtop, 0, -2.4, 2.4, 30, 50, 0, 1, "0.981064"
0, kin, up_nonttXsec, 0, -2.4, 2.4, 30, 50, 0, 1, "0.989392"
0, kin, down_nonttXsec, 0, -2.4, 2.4, 30, 50, 0, 1, "0.97282"
0, kin, down, 0, -2.4, 2.4, 30, 50, 0, 1, "0.957341"
0, kin, up, 0, -2.4, 2.4, 30, 50, 0, 1, "1.00448"
0, kin, down_statistic, 0, -2.4, 2.4, 30, 50, 0, 1, "0.978711"
0, kin, up_statistic, 0, -2.4, 2.4, 30, 50, 0, 1, "0.983797"
0, kin, down_hdamp, 0, -2.4, 2.4, 50, 70, 0, 1, "0.967246"
0, kin, up_hdamp, 0, -2.4, 2.4, 50, 70, 0, 1, "0.972626"
0, kin, down_tuneCP5, 0, -2.4, 2.4, 50, 70, 0, 1, "0.97407"
0, kin, up_tuneCP5, 0, -2.4, 2.4, 50, 70, 0, 1, "0.971692"
0, kin, down_mtop, 0, -2.4, 2.4, 50, 70, 0, 1, "0.967853"
0, kin, up_mtop, 0, -2.4, 2.4, 50, 70, 0, 1, "0.972171"
0, kin, up_nonttXsec, 0, -2.4, 2.4, 50, 70, 0, 1, "0.975671"
0, kin, down_nonttXsec, 0, -2.4, 2.4, 50, 70, 0, 1, "0.966233"
0, kin, down, 0, -2.4, 2.4, 50, 70, 0, 1, "0.956054"
0, kin, up, 0, -2.4, 2.4, 50, 70, 0, 1, "0.993992"
0, kin, down_statistic, 0, -2.4, 2.4, 50, 70, 0, 1, "0.97659"
0, kin, up_statistic, 0, -2.4, 2.4, 50, 70, 0, 1, "0.981231"
0, kin, down_hdamp, 0, -2.4, 2.4, 70, 100, 0, 1, "0.973352"
0, kin, up_hdamp, 0, -2.4, 2.4, 70, 100, 0, 1, "0.977325"
0, kin, down_tuneCP5, 0, -2.4, 2.4, 70, 100, 0, 1, "0.973041"
0, kin, up_tuneCP5, 0, -2.4, 2.4, 70, 100, 0, 1, "0.974476"
0, kin, down_mtop, 0, -2.4, 2.4, 70, 100, 0, 1, "0.976041"
0, kin, up_mtop, 0, -2.4, 2.4, 70, 100, 0, 1, "0.975209"
0, kin, up_nonttXsec, 0, -2.4, 2.4, 70, 100, 0, 1, "0.978229"
0, kin, down_nonttXsec, 0, -2.4, 2.4, 70, 100, 0, 1, "0.971893"
0, kin, down, 0, -2.4, 2.4, 70, 100, 0, 1, "0.965557"
0, kin, up, 0, -2.4, 2.4, 70, 100, 0, 1, "0.985251"
0, kin, down_statistic, 0, -2.4, 2.4, 70, 100, 0, 1, "0.973852"
0, kin, up_statistic, 0, -2.4, 2.4, 70, 100, 0, 1, "0.978091"
0, kin, down_hdamp, 0, -2.4, 2.4, 100, 140, 0, 1, "0.964947"
0, kin, up_hdamp, 0, -2.4, 2.4, 100, 140, 0, 1, "0.972114"
0, kin, down_tuneCP5, 0, -2.4, 2.4, 100, 140, 0, 1, "0.966408"
0, kin, up_tuneCP5, 0, -2.4, 2.4, 100, 140, 0, 1, "0.966171"
0, kin, down_mtop, 0, -2.4, 2.4, 100, 140, 0, 1, "0.972973"
0, kin, up_mtop, 0, -2.4, 2.4, 100, 140, 0, 1, "0.967144"
0, kin, up_nonttXsec, 0, -2.4, 2.4, 100, 140, 0, 1, "0.968127"
0, kin, down_nonttXsec, 0, -2.4, 2.4, 100, 140, 0, 1, "0.963533"
0, kin, down, 0, -2.4, 2.4, 100, 140, 0, 1, "0.956538"
0, kin, up, 0, -2.4, 2.4, 100, 140, 0, 1, "0.974579"
0, kin, down_statistic, 0, -2.4, 2.4, 100, 140, 0, 1, "0.963381"
0, kin, up_statistic, 0, -2.4, 2.4, 100, 140, 0, 1, "0.968361"
0, kin, down_hdamp, 0, -2.4, 2.4, 140, 200, 0, 1, "0.959115"
0, kin, up_hdamp, 0, -2.4, 2.4, 140, 200, 0, 1, "0.964217"
0, kin, down_tuneCP5, 0, -2.4, 2.4, 140, 200, 0, 1, "0.963663"
0, kin, up_tuneCP5, 0, -2.4, 2.4, 140, 200, 0, 1, "0.962686"
0, kin, down_mtop, 0, -2.4, 2.4, 140, 200, 0, 1, "0.958883"
0, kin, up_mtop, 0, -2.4, 2.4, 140, 200, 0, 1, "0.95439"
0, kin, up_nonttXsec, 0, -2.4, 2.4, 140, 200, 0, 1, "0.963773"
0, kin, down_nonttXsec, 0, -2.4, 2.4, 140, 200, 0, 1, "0.959926"
0, kin, down, 0, -2.4, 2.4, 140, 200, 0, 1, "0.939913"
0, kin, up, 0, -2.4, 2.4, 140, 200, 0, 1, "0.971763"
0, kin, down_statistic, 0, -2.4, 2.4, 140, 200, 0, 1, "0.950892"
0, kin, up_statistic, 0, -2.4, 2.4, 140, 200, 0, 1, "0.957815"
0, kin, down_hdamp, 0, -2.4, 2.4, 200, 300, 0, 1, "0.949775"
0, kin, up_hdamp, 0, -2.4, 2.4, 200, 300, 0, 1, "0.950466"
0, kin, down_tuneCP5, 0, -2.4, 2.4, 200, 300, 0, 1, "0.952171"
0, kin, up_tuneCP5, 0, -2.4, 2.4, 200, 300, 0, 1, "0.949709"
0, kin, down_mtop, 0, -2.4, 2.4, 200, 300, 0, 1, "0.945407"
0, kin, up_mtop, 0, -2.4, 2.4, 200, 300, 0, 1, "0.94398"
0, kin, up_nonttXsec, 0, -2.4, 2.4, 200, 300, 0, 1, "0.940494"
0, kin, down_nonttXsec, 0, -2.4, 2.4, 200, 300, 0, 1, "0.938018"
0, kin, down, 0, -2.4, 2.4, 200, 300, 0, 1, "0.918368"
0, kin, up, 0, -2.4, 2.4, 200, 300, 0, 1, "0.958835"
0, kin, down_statistic, 0, -2.4, 2.4, 200, 300, 0, 1, "0.932599"
0, kin, up_statistic, 0, -2.4, 2.4, 200, 300, 0, 1, "0.946035"
0, kin, down_hdamp, 0, -2.4, 2.4, 300, 600, 0, 1, "0.905137"
0, kin, up_hdamp, 0, -2.4, 2.4, 300, 600, 0, 1, "0.903627"
0, kin, down_tuneCP5, 0, -2.4, 2.4, 300, 600, 0, 1, "0.913777"
0, kin, up_tuneCP5, 0, -2.4, 2.4, 300, 600, 0, 1, "0.908101"
0, kin, down_mtop, 0, -2.4, 2.4, 300, 600, 0, 1, "0.901043"
0, kin, up_mtop, 0, -2.4, 2.4, 300, 600, 0, 1, "0.883437"
0, kin, up_nonttXsec, 0, -2.4, 2.4, 300, 600, 0, 1, "0.869028"
0, kin, down_nonttXsec, 0, -2.4, 2.4, 300, 600, 0, 1, "0.871521"
0, kin, down, 0, -2.4, 2.4, 300, 600, 0, 1, "0.794448"
0, kin, up, 0, -2.4, 2.4, 300, 600, 0, 1, "0.937863"
0, kin, down_statistic, 0, -2.4, 2.4, 300, 600, 0, 1, "0.848205"
0, kin, up_statistic, 0, -2.4, 2.4, 300, 600, 0, 1, "0.893262"
1, kin, down_hdamp, 0, -2.4, 2.4, 30, 50, 0, 1, "0.98589"
1, kin, up_hdamp, 0, -2.4, 2.4, 30, 50, 0, 1, "0.988482"
1, kin, down_tuneCP5, 0, -2.4, 2.4, 30, 50, 0, 1, "0.987594"
1, kin, up_tuneCP5, 0, -2.4, 2.4, 30, 50, 0, 1, "0.983687"
1, kin, down_mtop, 0, -2.4, 2.4, 30, 50, 0, 1, "0.979099"
1, kin, up_mtop, 0, -2.4, 2.4, 30, 50, 0, 1, "0.984322"
1, kin, up_nonttXsec, 0, -2.4, 2.4, 30, 50, 0, 1, "0.994418"
1, kin, down_nonttXsec, 0, -2.4, 2.4, 30, 50, 0, 1, "0.974702"
1, kin, down, 0, -2.4, 2.4, 30, 50, 0, 1, "0.963366"
1, kin, up, 0, -2.4, 2.4, 30, 50, 0, 1, "1.00531"
1, kin, down_statistic, 0, -2.4, 2.4, 30, 50, 0, 1, "0.981599"
1, kin, up_statistic, 0, -2.4, 2.4, 30, 50, 0, 1, "0.987838"
1, kin, down_hdamp, 0, -2.4, 2.4, 50, 70, 0, 1, "0.953842"
1, kin, up_hdamp, 0, -2.4, 2.4, 50, 70, 0, 1, "0.957923"
1, kin, down_tuneCP5, 0, -2.4, 2.4, 50, 70, 0, 1, "0.957414"
1, kin, up_tuneCP5, 0, -2.4, 2.4, 50, 70, 0, 1, "0.957636"
1, kin, down_mtop, 0, -2.4, 2.4, 50, 70, 0, 1, "0.952671"
1, kin, up_mtop, 0, -2.4, 2.4, 50, 70, 0, 1, "0.957769"
1, kin, up_nonttXsec, 0, -2.4, 2.4, 50, 70, 0, 1, "0.960542"
1, kin, down_nonttXsec, 0, -2.4, 2.4, 50, 70, 0, 1, "0.950212"
1, kin, down, 0, -2.4, 2.4, 50, 70, 0, 1, "0.941337"
1, kin, up, 0, -2.4, 2.4, 50, 70, 0, 1, "0.967959"
1, kin, down_statistic, 0, -2.4, 2.4, 50, 70, 0, 1, "0.949375"
1, kin, up_statistic, 0, -2.4, 2.4, 50, 70, 0, 1, "0.955241"
1, kin, down_hdamp, 0, -2.4, 2.4, 70, 100, 0, 1, "0.954192"
1, kin, up_hdamp, 0, -2.4, 2.4, 70, 100, 0, 1, "0.956736"
1, kin, down_tuneCP5, 0, -2.4, 2.4, 70, 100, 0, 1, "0.953387"
1, kin, up_tuneCP5, 0, -2.4, 2.4, 70, 100, 0, 1, "0.953153"
1, kin, down_mtop, 0, -2.4, 2.4, 70, 100, 0, 1, "0.957517"
1, kin, up_mtop, 0, -2.4, 2.4, 70, 100, 0, 1, "0.955149"
1, kin, up_nonttXsec, 0, -2.4, 2.4, 70, 100, 0, 1, "0.960318"
1, kin, down_nonttXsec, 0, -2.4, 2.4, 70, 100, 0, 1, "0.953345"
1, kin, down, 0, -2.4, 2.4, 70, 100, 0, 1, "0.945293"
1, kin, up, 0, -2.4, 2.4, 70, 100, 0, 1, "0.969576"
1, kin, down_statistic, 0, -2.4, 2.4, 70, 100, 0, 1, "0.954927"
1, kin, up_statistic, 0, -2.4, 2.4, 70, 100, 0, 1, "0.960591"
1, kin, down_hdamp, 0, -2.4, 2.4, 100, 140, 0, 1, "0.946983"
1, kin, up_hdamp, 0, -2.4, 2.4, 100, 140, 0, 1, "0.95788"
1, kin, down_tuneCP5, 0, -2.4, 2.4, 100, 140, 0, 1, "0.953135"
1, kin, up_tuneCP5, 0, -2.4, 2.4, 100, 140, 0, 1, "0.948077"
1, kin, down_mtop, 0, -2.4, 2.4, 100, 140, 0, 1, "0.955028"
1, kin, up_mtop, 0, -2.4, 2.4, 100, 140, 0, 1, "0.95492"
1, kin, up_nonttXsec, 0, -2.4, 2.4, 100, 140, 0, 1, "0.952157"
1, kin, down_nonttXsec, 0, -2.4, 2.4, 100, 140, 0, 1, "0.947035"
1, kin, down, 0, -2.4, 2.4, 100, 140, 0, 1, "0.940025"
1, kin, up, 0, -2.4, 2.4, 100, 140, 0, 1, "0.961549"
1, kin, down_statistic, 0, -2.4, 2.4, 100, 140, 0, 1, "0.946219"
1, kin, up_statistic, 0, -2.4, 2.4, 100, 140, 0, 1, "0.953053"
1, kin, down_hdamp, 0, -2.4, 2.4, 140, 200, 0, 1, "0.941753"
1, kin, up_hdamp, 0, -2.4, 2.4, 140, 200, 0, 1, "0.950692"
1, kin, down_tuneCP5, 0, -2.4, 2.4, 140, 200, 0, 1, "0.941429"
1, kin, up_tuneCP5, 0, -2.4, 2.4, 140, 200, 0, 1, "0.944865"
1, kin, down_mtop, 0, -2.4, 2.4, 140, 200, 0, 1, "0.939552"
1, kin, up_mtop, 0, -2.4, 2.4, 140, 200, 0, 1, "0.930172"
1, kin, up_nonttXsec, 0, -2.4, 2.4, 140, 200, 0, 1, "0.941584"
1, kin, down_nonttXsec, 0, -2.4, 2.4, 140, 200, 0, 1, "0.938012"
1, kin, down, 0, -2.4, 2.4, 140, 200, 0, 1, "0.915044"
1, kin, up, 0, -2.4, 2.4, 140, 200, 0, 1, "0.958106"
1, kin, down_statistic, 0, -2.4, 2.4, 140, 200, 0, 1, "0.928011"
1, kin, up_statistic, 0, -2.4, 2.4, 140, 200, 0, 1, "0.937665"
1, kin, down_hdamp, 0, -2.4, 2.4, 200, 300, 0, 1, "0.915382"
1, kin, up_hdamp, 0, -2.4, 2.4, 200, 300, 0, 1, "0.930132"
1, kin, down_tuneCP5, 0, -2.4, 2.4, 200, 300, 0, 1, "0.928787"
1, kin, up_tuneCP5, 0, -2.4, 2.4, 200, 300, 0, 1, "0.911907"
1, kin, down_mtop, 0, -2.4, 2.4, 200, 300, 0, 1, "0.922102"
1, kin, up_mtop, 0, -2.4, 2.4, 200, 300, 0, 1, "0.911826"
1, kin, up_nonttXsec, 0, -2.4, 2.4, 200, 300, 0, 1, "0.915221"
1, kin, down_nonttXsec, 0, -2.4, 2.4, 200, 300, 0, 1, "0.914353"
1, kin, down, 0, -2.4, 2.4, 200, 300, 0, 1, "0.890213"
1, kin, up, 0, -2.4, 2.4, 200, 300, 0, 1, "0.939495"
1, kin, down_statistic, 0, -2.4, 2.4, 200, 300, 0, 1, "0.905411"
1, kin, up_statistic, 0, -2.4, 2.4, 200, 300, 0, 1, "0.924228"
1, kin, down_hdamp, 0, -2.4, 2.4, 300, 600, 0, 1, "0.817345"
1, kin, up_hdamp, 0, -2.4, 2.4, 300, 600, 0, 1, "0.837492"
1, kin, down_tuneCP5, 0, -2.4, 2.4, 300, 600, 0, 1, "0.873536"
1, kin, up_tuneCP5, 0, -2.4, 2.4, 300, 600, 0, 1, "0.870869"
1, kin, down_mtop, 0, -2.4, 2.4, 300, 600, 0, 1, "0.857937"
1, kin, up_mtop, 0, -2.4, 2.4, 300, 600, 0, 1, "0.821052"
1, kin, up_nonttXsec, 0, -2.4, 2.4, 300, 600, 0, 1, "0.815407"
1, kin, down_nonttXsec, 0, -2.4, 2.4, 300, 600, 0, 1, "0.838891"
1, kin, down, 0, -2.4, 2.4, 300, 600, 0, 1, "0.698556"
1, kin, up, 0, -2.4, 2.4, 300, 600, 0, 1, "0.95076"
1, kin, down_statistic, 0, -2.4, 2.4, 300, 600, 0, 1, "0.79728"
1, kin, up_statistic, 0, -2.4, 2.4, 300, 600, 0, 1, "0.856624"
2, kin, down_hdamp, 0, -2.4, 2.4, 30, 50, 0, 1, "0.978341"
2, kin, up_hdamp, 0, -2.4, 2.4, 30, 50, 0, 1, "0.983266"
2, kin, down_tuneCP5, 0, -2.4, 2.4, 30, 50, 0, 1, "0.97446"
2, kin, up_tuneCP5, 0, -2.4, 2.4, 30, 50, 0, 1, "0.974869"
2, kin, down_mtop, 0, -2.4, 2.4, 30, 50, 0, 1, "0.975539"
2, kin, up_mtop, 0, -2.4, 2.4, 30, 50, 0, 1, "0.975271"
2, kin, up_nonttXsec, 0, -2.4, 2.4, 30, 50, 0, 1, "0.983169"
2, kin, down_nonttXsec, 0, -2.4, 2.4, 30, 50, 0, 1, "0.964053"
2, kin, down, 0, -2.4, 2.4, 30, 50, 0, 1, "0.954966"
2, kin, up, 0, -2.4, 2.4, 30, 50, 0, 1, "0.99414"
2, kin, down_statistic, 0, -2.4, 2.4, 30, 50, 0, 1, "0.969774"
2, kin, up_statistic, 0, -2.4, 2.4, 30, 50, 0, 1, "0.977651"
2, kin, down_hdamp, 0, -2.4, 2.4, 50, 70, 0, 1, "0.939614"
2, kin, up_hdamp, 0, -2.4, 2.4, 50, 70, 0, 1, "0.942032"
2, kin, down_tuneCP5, 0, -2.4, 2.4, 50, 70, 0, 1, "0.944389"
2, kin, up_tuneCP5, 0, -2.4, 2.4, 50, 70, 0, 1, "0.945204"
2, kin, down_mtop, 0, -2.4, 2.4, 50, 70, 0, 1, "0.939792"
2, kin, up_mtop, 0, -2.4, 2.4, 50, 70, 0, 1, "0.943713"
2, kin, up_nonttXsec, 0, -2.4, 2.4, 50, 70, 0, 1, "0.945619"
2, kin, down_nonttXsec, 0, -2.4, 2.4, 50, 70, 0, 1, "0.935709"
2, kin, down, 0, -2.4, 2.4, 50, 70, 0, 1, "0.928051"
2, kin, up, 0, -2.4, 2.4, 50, 70, 0, 1, "0.952707"
2, kin, down_statistic, 0, -2.4, 2.4, 50, 70, 0, 1, "0.934903"
2, kin, up_statistic, 0, -2.4, 2.4, 50, 70, 0, 1, "0.942464"
2, kin, down_hdamp, 0, -2.4, 2.4, 70, 100, 0, 1, "0.93916"
2, kin, up_hdamp, 0, -2.4, 2.4, 70, 100, 0, 1, "0.944152"
2, kin, down_tuneCP5, 0, -2.4, 2.4, 70, 100, 0, 1, "0.943192"
2, kin, up_tuneCP5, 0, -2.4, 2.4, 70, 100, 0, 1, "0.943236"
2, kin, down_mtop, 0, -2.4, 2.4, 70, 100, 0, 1, "0.943096"
2, kin, up_mtop, 0, -2.4, 2.4, 70, 100, 0, 1, "0.943257"
2, kin, up_nonttXsec, 0, -2.4, 2.4, 70, 100, 0, 1, "0.946201"
2, kin, down_nonttXsec, 0, -2.4, 2.4, 70, 100, 0, 1, "0.939351"
2, kin, down, 0, -2.4, 2.4, 70, 100, 0, 1, "0.929608"
2, kin, up, 0, -2.4, 2.4, 70, 100, 0, 1, "0.956676"
2, kin, down_statistic, 0, -2.4, 2.4, 70, 100, 0, 1, "0.940081"
2, kin, up_statistic, 0, -2.4, 2.4, 70, 100, 0, 1, "0.947524"
2, kin, down_hdamp, 0, -2.4, 2.4, 100, 140, 0, 1, "0.931005"
2, kin, up_hdamp, 0, -2.4, 2.4, 100, 140, 0, 1, "0.945224"
2, kin, down_tuneCP5, 0, -2.4, 2.4, 100, 140, 0, 1, "0.933581"
2, kin, up_tuneCP5, 0, -2.4, 2.4, 100, 140, 0, 1, "0.932824"
2, kin, down_mtop, 0, -2.4, 2.4, 100, 140, 0, 1, "0.941261"
2, kin, up_mtop, 0, -2.4, 2.4, 100, 140, 0, 1, "0.939215"
2, kin, up_nonttXsec, 0, -2.4, 2.4, 100, 140, 0, 1, "0.93577"
2, kin, down_nonttXsec, 0, -2.4, 2.4, 100, 140, 0, 1, "0.930842"
2, kin, down, 0, -2.4, 2.4, 100, 140, 0, 1, "0.921976"
2, kin, up, 0, -2.4, 2.4, 100, 140, 0, 1, "0.948717"
2, kin, down_statistic, 0, -2.4, 2.4, 100, 140, 0, 1, "0.928745"
2, kin, up_statistic, 0, -2.4, 2.4, 100, 140, 0, 1, "0.937924"
2, kin, down_hdamp, 0, -2.4, 2.4, 140, 200, 0, 1, "0.922322"
2, kin, up_hdamp, 0, -2.4, 2.4, 140, 200, 0, 1, "0.936519"
2, kin, down_tuneCP5, 0, -2.4, 2.4, 140, 200, 0, 1, "0.922627"
2, kin, up_tuneCP5, 0, -2.4, 2.4, 140, 200, 0, 1, "0.932455"
2, kin, down_mtop, 0, -2.4, 2.4, 140, 200, 0, 1, "0.919479"
2, kin, up_mtop, 0, -2.4, 2.4, 140, 200, 0, 1, "0.920369"
2, kin, up_nonttXsec, 0, -2.4, 2.4, 140, 200, 0, 1, "0.926831"
2, kin, down_nonttXsec, 0, -2.4, 2.4, 140, 200, 0, 1, "0.924299"
2, kin, down, 0, -2.4, 2.4, 140, 200, 0, 1, "0.897439"
2, kin, up, 0, -2.4, 2.4, 140, 200, 0, 1, "0.949136"
2, kin, down_statistic, 0, -2.4, 2.4, 140, 200, 0, 1, "0.911307"
2, kin, up_statistic, 0, -2.4, 2.4, 140, 200, 0, 1, "0.924409"
2, kin, down_hdamp, 0, -2.4, 2.4, 200, 300, 0, 1, "0.875249"
2, kin, up_hdamp, 0, -2.4, 2.4, 200, 300, 0, 1, "0.911542"
2, kin, down_tuneCP5, 0, -2.4, 2.4, 200, 300, 0, 1, "0.909156"
2, kin, up_tuneCP5, 0, -2.4, 2.4, 200, 300, 0, 1, "0.895328"
2, kin, down_mtop, 0, -2.4, 2.4, 200, 300, 0, 1, "0.881272"
2, kin, up_mtop, 0, -2.4, 2.4, 200, 300, 0, 1, "0.891543"
2, kin, up_nonttXsec, 0, -2.4, 2.4, 200, 300, 0, 1, "0.890811"
2, kin, down_nonttXsec, 0, -2.4, 2.4, 200, 300, 0, 1, "0.89337"
2, kin, down, 0, -2.4, 2.4, 200, 300, 0, 1, "0.841254"
2, kin, up, 0, -2.4, 2.4, 200, 300, 0, 1, "0.939754"
2, kin, down_statistic, 0, -2.4, 2.4, 200, 300, 0, 1, "0.879128"
2, kin, up_statistic, 0, -2.4, 2.4, 200, 300, 0, 1, "0.904911"
2, kin, down_hdamp, 0, -2.4, 2.4, 300, 600, 0, 1, "0.787977"
2, kin, up_hdamp, 0, -2.4, 2.4, 300, 600, 0, 1, "0.787313"
2, kin, down_tuneCP5, 0, -2.4, 2.4, 300, 600, 0, 1, "0.867352"
2, kin, up_tuneCP5, 0, -2.4, 2.4, 300, 600, 0, 1, "0.811133"
2, kin, down_mtop, 0, -2.4, 2.4, 300, 600, 0, 1, "0.794014"
2, kin, up_mtop, 0, -2.4, 2.4, 300, 600, 0, 1, "0.780029"
2, kin, up_nonttXsec, 0, -2.4, 2.4, 300, 600, 0, 1, "0.767245"
2, kin, down_nonttXsec, 0, -2.4, 2.4, 300, 600, 0, 1, "0.796925"
2, kin, down, 0, -2.4, 2.4, 300, 600, 0, 1, "0.542969"
2, kin, up, 0, -2.4, 2.4, 300, 600, 0, 1, "1.00443"
2, kin, down_statistic, 0, -2.4, 2.4, 300, 600, 0, 1, "0.740728"
2, kin, up_statistic, 0, -2.4, 2.4, 300, 600, 0, 1, "0.821366"
