JP;OperatingPoint, measurementType, sysType, jetFlavor, etaMin, etaMax, ptMin, ptMax, discrMin, discrMax, formula 
0, ptrel, central, 0, -2.4, 2.4, 30, 50, 0, 1, "0.91648298501968384" 
0, ptrel, central, 0, -2.4, 2.4, 50, 70, 0, 1, "0.97461402416229248" 
0, ptrel, central, 0, -2.4, 2.4, 70, 100, 0, 1, "1.0037399530410767" 
0, ptrel, central, 0, -2.4, 2.4, 100, 140, 0, 1, "0.99213701486587524" 
0, ptrel, central, 0, -2.4, 2.4, 140, 200, 0, 1, "0.97739499807357788" 
0, ptrel, central, 0, -2.4, 2.4, 200, 300, 0, 1, "0.99409198760986328" 
0, ptrel, central, 0, -2.4, 2.4, 300, 670, 0, 1, "1.0261499881744385" 
0, ptrel, down, 0, -2.4, 2.4, 30, 50, 0, 1, "0.86414384841918945" 
0, ptrel, down, 0, -2.4, 2.4, 50, 70, 0, 1, "0.94262802600860596" 
0, ptrel, down, 0, -2.4, 2.4, 70, 100, 0, 1, "0.96557796001434326" 
0, ptrel, down, 0, -2.4, 2.4, 100, 140, 0, 1, "0.93749725818634033" 
0, ptrel, down, 0, -2.4, 2.4, 140, 200, 0, 1, "0.93642842769622803" 
0, ptrel, down, 0, -2.4, 2.4, 200, 300, 0, 1, "0.92753410339355469" 
0, ptrel, down, 0, -2.4, 2.4, 300, 670, 0, 1, "0.91581040620803833" 
0, ptrel, down_bcorr, 0, -2.4, 2.4, 30, 50, 0, 1, "0.91309195756912231" 
0, ptrel, down_bcorr, 0, -2.4, 2.4, 50, 70, 0, 1, "0.97463804483413696" 
0, ptrel, down_bcorr, 0, -2.4, 2.4, 70, 100, 0, 1, "1.0038479566574097" 
0, ptrel, down_bcorr, 0, -2.4, 2.4, 100, 140, 0, 1, "0.99304401874542236" 
0, ptrel, down_bcorr, 0, -2.4, 2.4, 140, 200, 0, 1, "0.97804397344589233" 
0, ptrel, down_bcorr, 0, -2.4, 2.4, 200, 300, 0, 1, "0.99478501081466675" 
0, ptrel, down_bcorr, 0, -2.4, 2.4, 300, 670, 0, 1, "1.0274499654769897" 
0, ptrel, down_bfragmentation, 0, -2.4, 2.4, 30, 50, 0, 1, "0.91807997226715088" 
0, ptrel, down_bfragmentation, 0, -2.4, 2.4, 50, 70, 0, 1, "0.97581005096435547" 
0, ptrel, down_bfragmentation, 0, -2.4, 2.4, 70, 100, 0, 1, "1.0106239318847656" 
0, ptrel, down_bfragmentation, 0, -2.4, 2.4, 100, 140, 0, 1, "0.99696099758148193" 
0, ptrel, down_bfragmentation, 0, -2.4, 2.4, 140, 200, 0, 1, "0.97558802366256714" 
0, ptrel, down_bfragmentation, 0, -2.4, 2.4, 200, 300, 0, 1, "0.99169802665710449" 
0, ptrel, down_bfragmentation, 0, -2.4, 2.4, 300, 670, 0, 1, "1.019819974899292" 
0, ptrel, down_gluonsplitting, 0, -2.4, 2.4, 30, 50, 0, 1, "0.91646397113800049" 
0, ptrel, down_gluonsplitting, 0, -2.4, 2.4, 50, 70, 0, 1, "0.97262603044509888" 
0, ptrel, down_gluonsplitting, 0, -2.4, 2.4, 70, 100, 0, 1, "1.0083858966827393" 
0, ptrel, down_gluonsplitting, 0, -2.4, 2.4, 100, 140, 0, 1, "0.99363201856613159" 
0, ptrel, down_gluonsplitting, 0, -2.4, 2.4, 140, 200, 0, 1, "0.98709100484848022" 
0, ptrel, down_gluonsplitting, 0, -2.4, 2.4, 200, 300, 0, 1, "1.0169999599456787" 
0, ptrel, down_gluonsplitting, 0, -2.4, 2.4, 300, 670, 0, 1, "1.0650999546051025" 
0, ptrel, down_jetaway, 0, -2.4, 2.4, 30, 50, 0, 1, "0.87218201160430908" 
0, ptrel, down_jetaway, 0, -2.4, 2.4, 50, 70, 0, 1, "0.95788699388504028" 
0, ptrel, down_jetaway, 0, -2.4, 2.4, 70, 100, 0, 1, "0.98804396390914917" 
0, ptrel, down_jetaway, 0, -2.4, 2.4, 100, 140, 0, 1, "0.97066998481750488" 
0, ptrel, down_jetaway, 0, -2.4, 2.4, 140, 200, 0, 1, "0.97443699836730957" 
0, ptrel, down_jetaway, 0, -2.4, 2.4, 200, 300, 0, 1, "0.98400396108627319" 
0, ptrel, down_jetaway, 0, -2.4, 2.4, 300, 670, 0, 1, "1.0399399995803833" 
0, ptrel, down_l2c, 0, -2.4, 2.4, 30, 50, 0, 1, "0.91498500108718872" 
0, ptrel, down_l2c, 0, -2.4, 2.4, 50, 70, 0, 1, "0.97576004266738892" 
0, ptrel, down_l2c, 0, -2.4, 2.4, 70, 100, 0, 1, "1.0080509185791016" 
0, ptrel, down_l2c, 0, -2.4, 2.4, 100, 140, 0, 1, "1.0040830373764038" 
0, ptrel, down_l2c, 0, -2.4, 2.4, 140, 200, 0, 1, "0.99812501668930054" 
0, ptrel, down_l2c, 0, -2.4, 2.4, 200, 300, 0, 1, "1.0303299427032471" 
0, ptrel, down_l2c, 0, -2.4, 2.4, 300, 670, 0, 1, "1.0788099765777588" 
0, ptrel, down_mudr, 0, -2.4, 2.4, 30, 50, 0, 1, "0.92311596870422363" 
0, ptrel, down_mudr, 0, -2.4, 2.4, 50, 70, 0, 1, "0.98218703269958496" 
0, ptrel, down_mudr, 0, -2.4, 2.4, 70, 100, 0, 1, "1.0150259733200073" 
0, ptrel, down_mudr, 0, -2.4, 2.4, 100, 140, 0, 1, "0.98395901918411255" 
0, ptrel, down_mudr, 0, -2.4, 2.4, 140, 200, 0, 1, "0.99199700355529785" 
0, ptrel, down_mudr, 0, -2.4, 2.4, 200, 300, 0, 1, "1.0018800497055054" 
0, ptrel, down_mudr, 0, -2.4, 2.4, 300, 670, 0, 1, "1.0408999919891357" 
0, ptrel, down_mupt, 0, -2.4, 2.4, 30, 50, 0, 1, "0.93609297275543213" 
0, ptrel, down_mupt, 0, -2.4, 2.4, 50, 70, 0, 1, "0.99656999111175537" 
0, ptrel, down_mupt, 0, -2.4, 2.4, 70, 100, 0, 1, "1.0323929786682129" 
0, ptrel, down_mupt, 0, -2.4, 2.4, 100, 140, 0, 1, "1.0180840492248535" 
0, ptrel, down_mupt, 0, -2.4, 2.4, 140, 200, 0, 1, "1.0052779912948608" 
0, ptrel, down_mupt, 0, -2.4, 2.4, 200, 300, 0, 1, "1.0379660129547119" 
0, ptrel, down_mupt, 0, -2.4, 2.4, 300, 670, 0, 1, "1.1030309200286865" 
0, ptrel, down_statistic, 0, -2.4, 2.4, 30, 50, 0, 1, "0.89826309680938721" 
0, ptrel, down_statistic, 0, -2.4, 2.4, 50, 70, 0, 1, "0.96057122945785522" 
0, ptrel, down_statistic, 0, -2.4, 2.4, 70, 100, 0, 1, "0.990547776222229" 
0, ptrel, down_statistic, 0, -2.4, 2.4, 100, 140, 0, 1, "0.95194363594055176" 
0, ptrel, down_statistic, 0, -2.4, 2.4, 140, 200, 0, 1, "0.96509057283401489" 
0, ptrel, down_statistic, 0, -2.4, 2.4, 200, 300, 0, 1, "0.97176659107208252" 
0, ptrel, down_statistic, 0, -2.4, 2.4, 300, 670, 0, 1, "0.9871056079864502" 
0, ptrel, up, 0, -2.4, 2.4, 30, 50, 0, 1, "0.96882212162017822" 
0, ptrel, up, 0, -2.4, 2.4, 50, 70, 0, 1, "1.006600022315979" 
0, ptrel, up, 0, -2.4, 2.4, 70, 100, 0, 1, "1.0419019460678101" 
0, ptrel, up, 0, -2.4, 2.4, 100, 140, 0, 1, "1.0467767715454102" 
0, ptrel, up, 0, -2.4, 2.4, 140, 200, 0, 1, "1.0183615684509277" 
0, ptrel, up, 0, -2.4, 2.4, 200, 300, 0, 1, "1.0606498718261719" 
0, ptrel, up, 0, -2.4, 2.4, 300, 670, 0, 1, "1.1364895105361938" 
0, ptrel, up_bcorr, 0, -2.4, 2.4, 30, 50, 0, 1, "0.91987401247024536" 
0, ptrel, up_bcorr, 0, -2.4, 2.4, 50, 70, 0, 1, "0.974590003490448" 
0, ptrel, up_bcorr, 0, -2.4, 2.4, 70, 100, 0, 1, "1.0036319494247437" 
0, ptrel, up_bcorr, 0, -2.4, 2.4, 100, 140, 0, 1, "0.99123001098632812" 
0, ptrel, up_bcorr, 0, -2.4, 2.4, 140, 200, 0, 1, "0.97674602270126343" 
0, ptrel, up_bcorr, 0, -2.4, 2.4, 200, 300, 0, 1, "0.99339896440505981" 
0, ptrel, up_bcorr, 0, -2.4, 2.4, 300, 670, 0, 1, "1.0248500108718872" 
0, ptrel, up_bfragmentation, 0, -2.4, 2.4, 30, 50, 0, 1, "0.9148859977722168" 
0, ptrel, up_bfragmentation, 0, -2.4, 2.4, 50, 70, 0, 1, "0.97341799736022949" 
0, ptrel, up_bfragmentation, 0, -2.4, 2.4, 70, 100, 0, 1, "0.9968559741973877" 
0, ptrel, up_bfragmentation, 0, -2.4, 2.4, 100, 140, 0, 1, "0.98731303215026855" 
0, ptrel, up_bfragmentation, 0, -2.4, 2.4, 140, 200, 0, 1, "0.97920197248458862" 
0, ptrel, up_bfragmentation, 0, -2.4, 2.4, 200, 300, 0, 1, "0.99648594856262207" 
0, ptrel, up_bfragmentation, 0, -2.4, 2.4, 300, 670, 0, 1, "1.032480001449585" 
0, ptrel, up_gluonsplitting, 0, -2.4, 2.4, 30, 50, 0, 1, "0.91650199890136719" 
0, ptrel, up_gluonsplitting, 0, -2.4, 2.4, 50, 70, 0, 1, "0.97660201787948608" 
0, ptrel, up_gluonsplitting, 0, -2.4, 2.4, 70, 100, 0, 1, "0.99909394979476929" 
0, ptrel, up_gluonsplitting, 0, -2.4, 2.4, 100, 140, 0, 1, "0.9906420111656189" 
0, ptrel, up_gluonsplitting, 0, -2.4, 2.4, 140, 200, 0, 1, "0.96769899129867554" 
0, ptrel, up_gluonsplitting, 0, -2.4, 2.4, 200, 300, 0, 1, "0.97118395566940308" 
0, ptrel, up_gluonsplitting, 0, -2.4, 2.4, 300, 670, 0, 1, "0.98719996213912964" 
0, ptrel, up_jetaway, 0, -2.4, 2.4, 30, 50, 0, 1, "0.96078395843505859" 
0, ptrel, up_jetaway, 0, -2.4, 2.4, 50, 70, 0, 1, "0.99134105443954468" 
0, ptrel, up_jetaway, 0, -2.4, 2.4, 70, 100, 0, 1, "1.0194358825683594" 
0, ptrel, up_jetaway, 0, -2.4, 2.4, 100, 140, 0, 1, "1.0136040449142456" 
0, ptrel, up_jetaway, 0, -2.4, 2.4, 140, 200, 0, 1, "0.98035299777984619" 
0, ptrel, up_jetaway, 0, -2.4, 2.4, 200, 300, 0, 1, "1.0041799545288086" 
0, ptrel, up_jetaway, 0, -2.4, 2.4, 300, 670, 0, 1, "1.0123599767684937" 
0, ptrel, up_l2c, 0, -2.4, 2.4, 30, 50, 0, 1, "0.91798096895217896" 
0, ptrel, up_l2c, 0, -2.4, 2.4, 50, 70, 0, 1, "0.97346800565719604" 
0, ptrel, up_l2c, 0, -2.4, 2.4, 70, 100, 0, 1, "0.99942898750305176" 
0, ptrel, up_l2c, 0, -2.4, 2.4, 100, 140, 0, 1, "0.98019099235534668" 
0, ptrel, up_l2c, 0, -2.4, 2.4, 140, 200, 0, 1, "0.95666497945785522" 
0, ptrel, up_l2c, 0, -2.4, 2.4, 200, 300, 0, 1, "0.95785397291183472" 
0, ptrel, up_l2c, 0, -2.4, 2.4, 300, 670, 0, 1, "0.97348999977111816" 
0, ptrel, up_mudr, 0, -2.4, 2.4, 30, 50, 0, 1, "0.90985000133514404" 
0, ptrel, up_mudr, 0, -2.4, 2.4, 50, 70, 0, 1, "0.967041015625" 
0, ptrel, up_mudr, 0, -2.4, 2.4, 70, 100, 0, 1, "0.992453932762146" 
0, ptrel, up_mudr, 0, -2.4, 2.4, 100, 140, 0, 1, "1.0003150701522827" 
0, ptrel, up_mudr, 0, -2.4, 2.4, 140, 200, 0, 1, "0.96279299259185791" 
0, ptrel, up_mudr, 0, -2.4, 2.4, 200, 300, 0, 1, "0.98630398511886597" 
0, ptrel, up_mudr, 0, -2.4, 2.4, 300, 670, 0, 1, "1.0113999843597412" 
0, ptrel, up_mupt, 0, -2.4, 2.4, 30, 50, 0, 1, "0.89687299728393555" 
0, ptrel, up_mupt, 0, -2.4, 2.4, 50, 70, 0, 1, "0.95265805721282959" 
0, ptrel, up_mupt, 0, -2.4, 2.4, 70, 100, 0, 1, "0.97508692741394043" 
0, ptrel, up_mupt, 0, -2.4, 2.4, 100, 140, 0, 1, "0.96619004011154175" 
0, ptrel, up_mupt, 0, -2.4, 2.4, 140, 200, 0, 1, "0.94951200485229492" 
0, ptrel, up_mupt, 0, -2.4, 2.4, 200, 300, 0, 1, "0.95021802186965942" 
0, ptrel, up_mupt, 0, -2.4, 2.4, 300, 670, 0, 1, "0.94926899671554565" 
0, ptrel, up_statistic, 0, -2.4, 2.4, 30, 50, 0, 1, "0.93470287322998047" 
0, ptrel, up_statistic, 0, -2.4, 2.4, 50, 70, 0, 1, "0.98865681886672974" 
0, ptrel, up_statistic, 0, -2.4, 2.4, 70, 100, 0, 1, "1.0169321298599243" 
0, ptrel, up_statistic, 0, -2.4, 2.4, 100, 140, 0, 1, "1.0323303937911987" 
0, ptrel, up_statistic, 0, -2.4, 2.4, 140, 200, 0, 1, "0.98969942331314087" 
0, ptrel, up_statistic, 0, -2.4, 2.4, 200, 300, 0, 1, "1.016417384147644" 
0, ptrel, up_statistic, 0, -2.4, 2.4, 300, 670, 0, 1, "1.0651943683624268" 
1, ptrel, central, 0, -2.4, 2.4, 30, 50, 0, 1, "0.87081700563430786" 
1, ptrel, central, 0, -2.4, 2.4, 50, 70, 0, 1, "0.95172899961471558" 
1, ptrel, central, 0, -2.4, 2.4, 70, 100, 0, 1, "0.97223800420761108" 
1, ptrel, central, 0, -2.4, 2.4, 100, 140, 0, 1, "0.9528769850730896" 
1, ptrel, central, 0, -2.4, 2.4, 140, 200, 0, 1, "0.92790001630783081" 
1, ptrel, central, 0, -2.4, 2.4, 200, 300, 0, 1, "0.96374499797821045" 
1, ptrel, central, 0, -2.4, 2.4, 300, 670, 0, 1, "1.0184099674224854" 
1, ptrel, down, 0, -2.4, 2.4, 30, 50, 0, 1, "0.8203425407409668" 
1, ptrel, down, 0, -2.4, 2.4, 50, 70, 0, 1, "0.90438324213027954" 
1, ptrel, down, 0, -2.4, 2.4, 70, 100, 0, 1, "0.90043419599533081" 
1, ptrel, down, 0, -2.4, 2.4, 100, 140, 0, 1, "0.83100730180740356" 
1, ptrel, down, 0, -2.4, 2.4, 140, 200, 0, 1, "0.86573004722595215" 
1, ptrel, down, 0, -2.4, 2.4, 200, 300, 0, 1, "0.84914743900299072" 
1, ptrel, down, 0, -2.4, 2.4, 300, 670, 0, 1, "0.8482210636138916" 
1, ptrel, down_bcorr, 0, -2.4, 2.4, 30, 50, 0, 1, "0.87081700563430786" 
1, ptrel, down_bcorr, 0, -2.4, 2.4, 50, 70, 0, 1, "0.95181900262832642" 
1, ptrel, down_bcorr, 0, -2.4, 2.4, 70, 100, 0, 1, "0.97307497262954712" 
1, ptrel, down_bcorr, 0, -2.4, 2.4, 100, 140, 0, 1, "0.95828002691268921" 
1, ptrel, down_bcorr, 0, -2.4, 2.4, 140, 200, 0, 1, "0.93163603544235229" 
1, ptrel, down_bcorr, 0, -2.4, 2.4, 200, 300, 0, 1, "0.97272598743438721" 
1, ptrel, down_bcorr, 0, -2.4, 2.4, 300, 670, 0, 1, "1.036080002784729" 
1, ptrel, down_bfragmentation, 0, -2.4, 2.4, 30, 50, 0, 1, "0.87349504232406616" 
1, ptrel, down_bfragmentation, 0, -2.4, 2.4, 50, 70, 0, 1, "0.95824700593948364" 
1, ptrel, down_bfragmentation, 0, -2.4, 2.4, 70, 100, 0, 1, "0.98324501514434814" 
1, ptrel, down_bfragmentation, 0, -2.4, 2.4, 100, 140, 0, 1, "0.96111100912094116" 
1, ptrel, down_bfragmentation, 0, -2.4, 2.4, 140, 200, 0, 1, "0.93026900291442871" 
1, ptrel, down_bfragmentation, 0, -2.4, 2.4, 200, 300, 0, 1, "0.96963196992874146" 
1, ptrel, down_bfragmentation, 0, -2.4, 2.4, 300, 670, 0, 1, "1.0091599225997925" 
1, ptrel, down_gluonsplitting, 0, -2.4, 2.4, 30, 50, 0, 1, "0.86991602182388306" 
1, ptrel, down_gluonsplitting, 0, -2.4, 2.4, 50, 70, 0, 1, "0.94997704029083252" 
1, ptrel, down_gluonsplitting, 0, -2.4, 2.4, 70, 100, 0, 1, "0.97823399305343628" 
1, ptrel, down_gluonsplitting, 0, -2.4, 2.4, 100, 140, 0, 1, "0.96530497074127197" 
1, ptrel, down_gluonsplitting, 0, -2.4, 2.4, 140, 200, 0, 1, "0.95068705081939697" 
1, ptrel, down_gluonsplitting, 0, -2.4, 2.4, 200, 300, 0, 1, "1.0146499872207642" 
1, ptrel, down_gluonsplitting, 0, -2.4, 2.4, 300, 670, 0, 1, "1.0826289653778076" 
1, ptrel, down_jetaway, 0, -2.4, 2.4, 30, 50, 0, 1, "0.82532501220703125" 
1, ptrel, down_jetaway, 0, -2.4, 2.4, 50, 70, 0, 1, "0.92878198623657227" 
1, ptrel, down_jetaway, 0, -2.4, 2.4, 70, 100, 0, 1, "0.95467102527618408" 
1, ptrel, down_jetaway, 0, -2.4, 2.4, 100, 140, 0, 1, "0.99413496255874634" 
1, ptrel, down_jetaway, 0, -2.4, 2.4, 140, 200, 0, 1, "0.91921597719192505" 
1, ptrel, down_jetaway, 0, -2.4, 2.4, 200, 300, 0, 1, "0.91395998001098633" 
1, ptrel, down_jetaway, 0, -2.4, 2.4, 300, 670, 0, 1, "0.93373996019363403" 
1, ptrel, down_l2c, 0, -2.4, 2.4, 30, 50, 0, 1, "0.87061399221420288" 
1, ptrel, down_l2c, 0, -2.4, 2.4, 50, 70, 0, 1, "0.95347702503204346" 
1, ptrel, down_l2c, 0, -2.4, 2.4, 70, 100, 0, 1, "0.9788239598274231" 
1, ptrel, down_l2c, 0, -2.4, 2.4, 100, 140, 0, 1, "0.97154802083969116" 
1, ptrel, down_l2c, 0, -2.4, 2.4, 140, 200, 0, 1, "0.95720601081848145" 
1, ptrel, down_l2c, 0, -2.4, 2.4, 200, 300, 0, 1, "1.0140299797058105" 
1, ptrel, down_l2c, 0, -2.4, 2.4, 300, 670, 0, 1, "1.082758903503418" 
1, ptrel, down_mudr, 0, -2.4, 2.4, 30, 50, 0, 1, "0.87692797183990479" 
1, ptrel, down_mudr, 0, -2.4, 2.4, 50, 70, 0, 1, "0.97555100917816162" 
1, ptrel, down_mudr, 0, -2.4, 2.4, 70, 100, 0, 1, "1.0194550752639771" 
1, ptrel, down_mudr, 0, -2.4, 2.4, 100, 140, 0, 1, "1.0380699634552002" 
1, ptrel, down_mudr, 0, -2.4, 2.4, 140, 200, 0, 1, "0.94828104972839355" 
1, ptrel, down_mudr, 0, -2.4, 2.4, 200, 300, 0, 1, "1.0019010305404663" 
1, ptrel, down_mudr, 0, -2.4, 2.4, 300, 670, 0, 1, "1.0612000226974487" 
1, ptrel, down_mupt, 0, -2.4, 2.4, 30, 50, 0, 1, "0.87380599975585938" 
1, ptrel, down_mupt, 0, -2.4, 2.4, 50, 70, 0, 1, "0.97590696811676025" 
1, ptrel, down_mupt, 0, -2.4, 2.4, 70, 100, 0, 1, "1.0164990425109863" 
1, ptrel, down_mupt, 0, -2.4, 2.4, 100, 140, 0, 1, "0.9870789647102356" 
1, ptrel, down_mupt, 0, -2.4, 2.4, 140, 200, 0, 1, "0.96807998418807983" 
1, ptrel, down_mupt, 0, -2.4, 2.4, 200, 300, 0, 1, "1.0138969421386719" 
1, ptrel, down_mupt, 0, -2.4, 2.4, 300, 670, 0, 1, "1.0994839668273926" 
1, ptrel, down_statistic, 0, -2.4, 2.4, 30, 50, 0, 1, "0.85022950172424316" 
1, ptrel, down_statistic, 0, -2.4, 2.4, 50, 70, 0, 1, "0.92904907464981079" 
1, ptrel, down_statistic, 0, -2.4, 2.4, 70, 100, 0, 1, "0.95084822177886963" 
1, ptrel, down_statistic, 0, -2.4, 2.4, 100, 140, 0, 1, "0.88867169618606567" 
1, ptrel, down_statistic, 0, -2.4, 2.4, 140, 200, 0, 1, "0.90886813402175903" 
1, ptrel, down_statistic, 0, -2.4, 2.4, 200, 300, 0, 1, "0.92569577693939209" 
1, ptrel, down_statistic, 0, -2.4, 2.4, 300, 670, 0, 1, "0.94964498281478882" 
1, ptrel, up, 0, -2.4, 2.4, 30, 50, 0, 1, "0.92129147052764893" 
1, ptrel, up, 0, -2.4, 2.4, 50, 70, 0, 1, "0.99907475709915161" 
1, ptrel, up, 0, -2.4, 2.4, 70, 100, 0, 1, "1.0440418720245361" 
1, ptrel, up, 0, -2.4, 2.4, 100, 140, 0, 1, "1.0747466087341309" 
1, ptrel, up, 0, -2.4, 2.4, 140, 200, 0, 1, "0.99006998538970947" 
1, ptrel, up, 0, -2.4, 2.4, 200, 300, 0, 1, "1.0783425569534302" 
1, ptrel, up, 0, -2.4, 2.4, 300, 670, 0, 1, "1.1885988712310791" 
1, ptrel, up_bcorr, 0, -2.4, 2.4, 30, 50, 0, 1, "0.87081700563430786" 
1, ptrel, up_bcorr, 0, -2.4, 2.4, 50, 70, 0, 1, "0.95163899660110474" 
1, ptrel, up_bcorr, 0, -2.4, 2.4, 70, 100, 0, 1, "0.97140103578567505" 
1, ptrel, up_bcorr, 0, -2.4, 2.4, 100, 140, 0, 1, "0.94747394323348999" 
1, ptrel, up_bcorr, 0, -2.4, 2.4, 140, 200, 0, 1, "0.92416399717330933" 
1, ptrel, up_bcorr, 0, -2.4, 2.4, 200, 300, 0, 1, "0.95476400852203369" 
1, ptrel, up_bcorr, 0, -2.4, 2.4, 300, 670, 0, 1, "1.0007399320602417" 
1, ptrel, up_bfragmentation, 0, -2.4, 2.4, 30, 50, 0, 1, "0.86813896894454956" 
1, ptrel, up_bfragmentation, 0, -2.4, 2.4, 50, 70, 0, 1, "0.94521099328994751" 
1, ptrel, up_bfragmentation, 0, -2.4, 2.4, 70, 100, 0, 1, "0.96123099327087402" 
1, ptrel, up_bfragmentation, 0, -2.4, 2.4, 100, 140, 0, 1, "0.94464296102523804" 
1, ptrel, up_bfragmentation, 0, -2.4, 2.4, 140, 200, 0, 1, "0.92553102970123291" 
1, ptrel, up_bfragmentation, 0, -2.4, 2.4, 200, 300, 0, 1, "0.95785802602767944" 
1, ptrel, up_bfragmentation, 0, -2.4, 2.4, 300, 670, 0, 1, "1.0276600122451782" 
1, ptrel, up_gluonsplitting, 0, -2.4, 2.4, 30, 50, 0, 1, "0.87171798944473267" 
1, ptrel, up_gluonsplitting, 0, -2.4, 2.4, 50, 70, 0, 1, "0.95348095893859863" 
1, ptrel, up_gluonsplitting, 0, -2.4, 2.4, 70, 100, 0, 1, "0.96624201536178589" 
1, ptrel, up_gluonsplitting, 0, -2.4, 2.4, 100, 140, 0, 1, "0.94044899940490723" 
1, ptrel, up_gluonsplitting, 0, -2.4, 2.4, 140, 200, 0, 1, "0.90511298179626465" 
1, ptrel, up_gluonsplitting, 0, -2.4, 2.4, 200, 300, 0, 1, "0.91284000873565674" 
1, ptrel, up_gluonsplitting, 0, -2.4, 2.4, 300, 670, 0, 1, "0.95419096946716309" 
1, ptrel, up_jetaway, 0, -2.4, 2.4, 30, 50, 0, 1, "0.91630899906158447" 
1, ptrel, up_jetaway, 0, -2.4, 2.4, 50, 70, 0, 1, "0.97467601299285889" 
1, ptrel, up_jetaway, 0, -2.4, 2.4, 70, 100, 0, 1, "0.98980498313903809" 
1, ptrel, up_jetaway, 0, -2.4, 2.4, 100, 140, 0, 1, "0.91161900758743286" 
1, ptrel, up_jetaway, 0, -2.4, 2.4, 140, 200, 0, 1, "0.93658405542373657" 
1, ptrel, up_jetaway, 0, -2.4, 2.4, 200, 300, 0, 1, "1.0135300159454346" 
1, ptrel, up_jetaway, 0, -2.4, 2.4, 300, 670, 0, 1, "1.1030800342559814" 
1, ptrel, up_l2c, 0, -2.4, 2.4, 30, 50, 0, 1, "0.87102001905441284" 
1, ptrel, up_l2c, 0, -2.4, 2.4, 50, 70, 0, 1, "0.9499809741973877" 
1, ptrel, up_l2c, 0, -2.4, 2.4, 70, 100, 0, 1, "0.96565204858779907" 
1, ptrel, up_l2c, 0, -2.4, 2.4, 100, 140, 0, 1, "0.93420594930648804" 
1, ptrel, up_l2c, 0, -2.4, 2.4, 140, 200, 0, 1, "0.89859402179718018" 
1, ptrel, up_l2c, 0, -2.4, 2.4, 200, 300, 0, 1, "0.91346001625061035" 
1, ptrel, up_l2c, 0, -2.4, 2.4, 300, 670, 0, 1, "0.95406103134155273" 
1, ptrel, up_mudr, 0, -2.4, 2.4, 30, 50, 0, 1, "0.86470603942871094" 
1, ptrel, up_mudr, 0, -2.4, 2.4, 50, 70, 0, 1, "0.92790699005126953" 
1, ptrel, up_mudr, 0, -2.4, 2.4, 70, 100, 0, 1, "0.92502099275588989" 
1, ptrel, up_mudr, 0, -2.4, 2.4, 100, 140, 0, 1, "0.867684006690979" 
1, ptrel, up_mudr, 0, -2.4, 2.4, 140, 200, 0, 1, "0.90751898288726807" 
1, ptrel, up_mudr, 0, -2.4, 2.4, 200, 300, 0, 1, "0.92558902502059937" 
1, ptrel, up_mudr, 0, -2.4, 2.4, 300, 670, 0, 1, "0.97561991214752197" 
1, ptrel, up_mupt, 0, -2.4, 2.4, 30, 50, 0, 1, "0.86782801151275635" 
1, ptrel, up_mupt, 0, -2.4, 2.4, 50, 70, 0, 1, "0.9275510311126709" 
1, ptrel, up_mupt, 0, -2.4, 2.4, 70, 100, 0, 1, "0.92797696590423584" 
1, ptrel, up_mupt, 0, -2.4, 2.4, 100, 140, 0, 1, "0.9186750054359436" 
1, ptrel, up_mupt, 0, -2.4, 2.4, 140, 200, 0, 1, "0.88772004842758179" 
1, ptrel, up_mupt, 0, -2.4, 2.4, 200, 300, 0, 1, "0.91359299421310425" 
1, ptrel, up_mupt, 0, -2.4, 2.4, 300, 670, 0, 1, "0.93733596801757812" 
1, ptrel, up_statistic, 0, -2.4, 2.4, 30, 50, 0, 1, "0.89140450954437256" 
1, ptrel, up_statistic, 0, -2.4, 2.4, 50, 70, 0, 1, "0.97440892457962036" 
1, ptrel, up_statistic, 0, -2.4, 2.4, 70, 100, 0, 1, "0.99362778663635254" 
1, ptrel, up_statistic, 0, -2.4, 2.4, 100, 140, 0, 1, "1.0170823335647583" 
1, ptrel, up_statistic, 0, -2.4, 2.4, 140, 200, 0, 1, "0.94693189859390259" 
1, ptrel, up_statistic, 0, -2.4, 2.4, 200, 300, 0, 1, "1.0017942190170288" 
1, ptrel, up_statistic, 0, -2.4, 2.4, 300, 670, 0, 1, "1.0871750116348267" 
2, ptrel, central, 0, -2.4, 2.4, 30, 50, 0, 1, "0.84115099906921387" 
2, ptrel, central, 0, -2.4, 2.4, 50, 70, 0, 1, "0.87840300798416138" 
2, ptrel, central, 0, -2.4, 2.4, 70, 100, 0, 1, "0.92439699172973633" 
2, ptrel, central, 0, -2.4, 2.4, 100, 140, 0, 1, "0.92035800218582153" 
2, ptrel, central, 0, -2.4, 2.4, 140, 200, 0, 1, "0.8986780047416687" 
2, ptrel, central, 0, -2.4, 2.4, 200, 300, 0, 1, "0.94372498989105225" 
2, ptrel, central, 0, -2.4, 2.4, 300, 670, 0, 1, "1.0162999629974365" 
2, ptrel, down, 0, -2.4, 2.4, 30, 50, 0, 1, "0.78411191701889038" 
2, ptrel, down, 0, -2.4, 2.4, 50, 70, 0, 1, "0.82099992036819458" 
2, ptrel, down, 0, -2.4, 2.4, 70, 100, 0, 1, "0.84311628341674805" 
2, ptrel, down, 0, -2.4, 2.4, 100, 140, 0, 1, "0.7772674560546875" 
2, ptrel, down, 0, -2.4, 2.4, 140, 200, 0, 1, "0.81232947111129761" 
2, ptrel, down, 0, -2.4, 2.4, 200, 300, 0, 1, "0.78293740749359131" 
2, ptrel, down, 0, -2.4, 2.4, 300, 670, 0, 1, "0.86965620517730713" 
2, ptrel, down_bcorr, 0, -2.4, 2.4, 30, 50, 0, 1, "0.83499902486801147" 
2, ptrel, down_bcorr, 0, -2.4, 2.4, 50, 70, 0, 1, "0.87312197685241699" 
2, ptrel, down_bcorr, 0, -2.4, 2.4, 70, 100, 0, 1, "0.92439699172973633" 
2, ptrel, down_bcorr, 0, -2.4, 2.4, 100, 140, 0, 1, "0.93125700950622559" 
2, ptrel, down_bcorr, 0, -2.4, 2.4, 140, 200, 0, 1, "0.91166102886199951" 
2, ptrel, down_bcorr, 0, -2.4, 2.4, 200, 300, 0, 1, "0.9712899923324585" 
2, ptrel, down_bcorr, 0, -2.4, 2.4, 300, 670, 0, 1, "1.0162999629974365" 
2, ptrel, down_bfragmentation, 0, -2.4, 2.4, 30, 50, 0, 1, "0.83013498783111572" 
2, ptrel, down_bfragmentation, 0, -2.4, 2.4, 50, 70, 0, 1, "0.88735395669937134" 
2, ptrel, down_bfragmentation, 0, -2.4, 2.4, 70, 100, 0, 1, "0.93363302946090698" 
2, ptrel, down_bfragmentation, 0, -2.4, 2.4, 100, 140, 0, 1, "0.93179601430892944" 
2, ptrel, down_bfragmentation, 0, -2.4, 2.4, 140, 200, 0, 1, "0.89371103048324585" 
2, ptrel, down_bfragmentation, 0, -2.4, 2.4, 200, 300, 0, 1, "0.93144398927688599" 
2, ptrel, down_bfragmentation, 0, -2.4, 2.4, 300, 670, 0, 1, "0.97718989849090576" 
2, ptrel, down_gluonsplitting, 0, -2.4, 2.4, 30, 50, 0, 1, "0.84095501899719238" 
2, ptrel, down_gluonsplitting, 0, -2.4, 2.4, 50, 70, 0, 1, "0.87745296955108643" 
2, ptrel, down_gluonsplitting, 0, -2.4, 2.4, 70, 100, 0, 1, "0.93398004770278931" 
2, ptrel, down_gluonsplitting, 0, -2.4, 2.4, 100, 140, 0, 1, "0.9466249942779541" 
2, ptrel, down_gluonsplitting, 0, -2.4, 2.4, 140, 200, 0, 1, "0.94626200199127197" 
2, ptrel, down_gluonsplitting, 0, -2.4, 2.4, 200, 300, 0, 1, "1.0395200252532959" 
2, ptrel, down_gluonsplitting, 0, -2.4, 2.4, 300, 670, 0, 1, "1.0162999629974365" 
2, ptrel, down_jetaway, 0, -2.4, 2.4, 30, 50, 0, 1, "0.79565799236297607" 
2, ptrel, down_jetaway, 0, -2.4, 2.4, 50, 70, 0, 1, "0.86525201797485352" 
2, ptrel, down_jetaway, 0, -2.4, 2.4, 70, 100, 0, 1, "0.91903197765350342" 
2, ptrel, down_jetaway, 0, -2.4, 2.4, 100, 140, 0, 1, "0.98231101036071777" 
2, ptrel, down_jetaway, 0, -2.4, 2.4, 140, 200, 0, 1, "0.88749498128890991" 
2, ptrel, down_jetaway, 0, -2.4, 2.4, 200, 300, 0, 1, "0.90751498937606812" 
2, ptrel, down_jetaway, 0, -2.4, 2.4, 300, 670, 0, 1, "1.0162999629974365" 
2, ptrel, down_l2c, 0, -2.4, 2.4, 30, 50, 0, 1, "0.84139299392700195" 
2, ptrel, down_l2c, 0, -2.4, 2.4, 50, 70, 0, 1, "0.88074600696563721" 
2, ptrel, down_l2c, 0, -2.4, 2.4, 70, 100, 0, 1, "0.93158102035522461" 
2, ptrel, down_l2c, 0, -2.4, 2.4, 100, 140, 0, 1, "0.94075298309326172" 
2, ptrel, down_l2c, 0, -2.4, 2.4, 140, 200, 0, 1, "0.92941403388977051" 
2, ptrel, down_l2c, 0, -2.4, 2.4, 200, 300, 0, 1, "1.0005500316619873" 
2, ptrel, down_l2c, 0, -2.4, 2.4, 300, 670, 0, 1, "1.1039808988571167" 
2, ptrel, down_mudr, 0, -2.4, 2.4, 30, 50, 0, 1, "0.83208900690078735" 
2, ptrel, down_mudr, 0, -2.4, 2.4, 50, 70, 0, 1, "0.91816806793212891" 
2, ptrel, down_mudr, 0, -2.4, 2.4, 70, 100, 0, 1, "0.97613996267318726" 
2, ptrel, down_mudr, 0, -2.4, 2.4, 100, 140, 0, 1, "0.83329099416732788" 
2, ptrel, down_mudr, 0, -2.4, 2.4, 140, 200, 0, 1, "0.92418104410171509" 
2, ptrel, down_mudr, 0, -2.4, 2.4, 200, 300, 0, 1, "1.0092639923095703" 
2, ptrel, down_mudr, 0, -2.4, 2.4, 300, 670, 0, 1, "1.0649869441986084" 
2, ptrel, down_mupt, 0, -2.4, 2.4, 30, 50, 0, 1, "0.84403800964355469" 
2, ptrel, down_mupt, 0, -2.4, 2.4, 50, 70, 0, 1, "0.89671206474304199" 
2, ptrel, down_mupt, 0, -2.4, 2.4, 70, 100, 0, 1, "0.9765169620513916" 
2, ptrel, down_mupt, 0, -2.4, 2.4, 100, 140, 0, 1, "0.96062302589416504" 
2, ptrel, down_mupt, 0, -2.4, 2.4, 140, 200, 0, 1, "0.94850999116897583" 
2, ptrel, down_mupt, 0, -2.4, 2.4, 200, 300, 0, 1, "1.0043809413909912" 
2, ptrel, down_mupt, 0, -2.4, 2.4, 300, 670, 0, 1, "1.0162999629974365" 
2, ptrel, down_statistic, 0, -2.4, 2.4, 30, 50, 0, 1, "0.81058812141418457" 
2, ptrel, down_statistic, 0, -2.4, 2.4, 50, 70, 0, 1, "0.84536838531494141" 
2, ptrel, down_statistic, 0, -2.4, 2.4, 70, 100, 0, 1, "0.89349079132080078" 
2, ptrel, down_statistic, 0, -2.4, 2.4, 100, 140, 0, 1, "0.84238827228546143" 
2, ptrel, down_statistic, 0, -2.4, 2.4, 140, 200, 0, 1, "0.87047851085662842" 
2, ptrel, down_statistic, 0, -2.4, 2.4, 200, 300, 0, 1, "0.88671129941940308" 
2, ptrel, down_statistic, 0, -2.4, 2.4, 300, 670, 0, 1, "0.91671866178512573" 
2, ptrel, up, 0, -2.4, 2.4, 30, 50, 0, 1, "0.89819008111953735" 
2, ptrel, up, 0, -2.4, 2.4, 50, 70, 0, 1, "0.93580609560012817" 
2, ptrel, up, 0, -2.4, 2.4, 70, 100, 0, 1, "1.0056777000427246" 
2, ptrel, up, 0, -2.4, 2.4, 100, 140, 0, 1, "1.0634485483169556" 
2, ptrel, up, 0, -2.4, 2.4, 140, 200, 0, 1, "0.98502653837203979" 
2, ptrel, up, 0, -2.4, 2.4, 200, 300, 0, 1, "1.1045125722885132" 
2, ptrel, up, 0, -2.4, 2.4, 300, 670, 0, 1, "1.1629437208175659" 
2, ptrel, up_bcorr, 0, -2.4, 2.4, 30, 50, 0, 1, "0.84730297327041626" 
2, ptrel, up_bcorr, 0, -2.4, 2.4, 50, 70, 0, 1, "0.88368403911590576" 
2, ptrel, up_bcorr, 0, -2.4, 2.4, 70, 100, 0, 1, "0.92439699172973633" 
2, ptrel, up_bcorr, 0, -2.4, 2.4, 100, 140, 0, 1, "0.90945899486541748" 
2, ptrel, up_bcorr, 0, -2.4, 2.4, 140, 200, 0, 1, "0.88569498062133789" 
2, ptrel, up_bcorr, 0, -2.4, 2.4, 200, 300, 0, 1, "0.916159987449646" 
2, ptrel, up_bcorr, 0, -2.4, 2.4, 300, 670, 0, 1, "1.0162999629974365" 
2, ptrel, up_bfragmentation, 0, -2.4, 2.4, 30, 50, 0, 1, "0.85216701030731201" 
2, ptrel, up_bfragmentation, 0, -2.4, 2.4, 50, 70, 0, 1, "0.86945205926895142" 
2, ptrel, up_bfragmentation, 0, -2.4, 2.4, 70, 100, 0, 1, "0.91516095399856567" 
2, ptrel, up_bfragmentation, 0, -2.4, 2.4, 100, 140, 0, 1, "0.90891999006271362" 
2, ptrel, up_bfragmentation, 0, -2.4, 2.4, 140, 200, 0, 1, "0.90364497900009155" 
2, ptrel, up_bfragmentation, 0, -2.4, 2.4, 200, 300, 0, 1, "0.95600599050521851" 
2, ptrel, up_bfragmentation, 0, -2.4, 2.4, 300, 670, 0, 1, "1.0554100275039673" 
2, ptrel, up_gluonsplitting, 0, -2.4, 2.4, 30, 50, 0, 1, "0.84134697914123535" 
2, ptrel, up_gluonsplitting, 0, -2.4, 2.4, 50, 70, 0, 1, "0.87935304641723633" 
2, ptrel, up_gluonsplitting, 0, -2.4, 2.4, 70, 100, 0, 1, "0.91481393575668335" 
2, ptrel, up_gluonsplitting, 0, -2.4, 2.4, 100, 140, 0, 1, "0.89409101009368896" 
2, ptrel, up_gluonsplitting, 0, -2.4, 2.4, 140, 200, 0, 1, "0.85109400749206543" 
2, ptrel, up_gluonsplitting, 0, -2.4, 2.4, 200, 300, 0, 1, "0.84792995452880859" 
2, ptrel, up_gluonsplitting, 0, -2.4, 2.4, 300, 670, 0, 1, "1.0162999629974365" 
2, ptrel, up_jetaway, 0, -2.4, 2.4, 30, 50, 0, 1, "0.88664400577545166" 
2, ptrel, up_jetaway, 0, -2.4, 2.4, 50, 70, 0, 1, "0.89155399799346924" 
2, ptrel, up_jetaway, 0, -2.4, 2.4, 70, 100, 0, 1, "0.92976200580596924" 
2, ptrel, up_jetaway, 0, -2.4, 2.4, 100, 140, 0, 1, "0.85840499401092529" 
2, ptrel, up_jetaway, 0, -2.4, 2.4, 140, 200, 0, 1, "0.90986102819442749" 
2, ptrel, up_jetaway, 0, -2.4, 2.4, 200, 300, 0, 1, "0.97993499040603638" 
2, ptrel, up_jetaway, 0, -2.4, 2.4, 300, 670, 0, 1, "1.0162999629974365" 
2, ptrel, up_l2c, 0, -2.4, 2.4, 30, 50, 0, 1, "0.84090900421142578" 
2, ptrel, up_l2c, 0, -2.4, 2.4, 50, 70, 0, 1, "0.87606000900268555" 
2, ptrel, up_l2c, 0, -2.4, 2.4, 70, 100, 0, 1, "0.91721296310424805" 
2, ptrel, up_l2c, 0, -2.4, 2.4, 100, 140, 0, 1, "0.89996302127838135" 
2, ptrel, up_l2c, 0, -2.4, 2.4, 140, 200, 0, 1, "0.86794197559356689" 
2, ptrel, up_l2c, 0, -2.4, 2.4, 200, 300, 0, 1, "0.88689994812011719" 
2, ptrel, up_l2c, 0, -2.4, 2.4, 300, 670, 0, 1, "0.92861902713775635" 
2, ptrel, up_mudr, 0, -2.4, 2.4, 30, 50, 0, 1, "0.85021299123764038" 
2, ptrel, up_mudr, 0, -2.4, 2.4, 50, 70, 0, 1, "0.83863794803619385" 
2, ptrel, up_mudr, 0, -2.4, 2.4, 70, 100, 0, 1, "0.8726540207862854" 
2, ptrel, up_mudr, 0, -2.4, 2.4, 100, 140, 0, 1, "1.0074249505996704" 
2, ptrel, up_mudr, 0, -2.4, 2.4, 140, 200, 0, 1, "0.87317496538162231" 
2, ptrel, up_mudr, 0, -2.4, 2.4, 200, 300, 0, 1, "0.87818598747253418" 
2, ptrel, up_mudr, 0, -2.4, 2.4, 300, 670, 0, 1, "0.96761298179626465" 
2, ptrel, up_mupt, 0, -2.4, 2.4, 30, 50, 0, 1, "0.83826398849487305" 
2, ptrel, up_mupt, 0, -2.4, 2.4, 50, 70, 0, 1, "0.86009395122528076" 
2, ptrel, up_mupt, 0, -2.4, 2.4, 70, 100, 0, 1, "0.87227702140808105" 
2, ptrel, up_mupt, 0, -2.4, 2.4, 100, 140, 0, 1, "0.88009297847747803" 
2, ptrel, up_mupt, 0, -2.4, 2.4, 140, 200, 0, 1, "0.84884601831436157" 
2, ptrel, up_mupt, 0, -2.4, 2.4, 200, 300, 0, 1, "0.88306897878646851" 
2, ptrel, up_mupt, 0, -2.4, 2.4, 300, 670, 0, 1, "1.0162999629974365" 
2, ptrel, up_statistic, 0, -2.4, 2.4, 30, 50, 0, 1, "0.87171387672424316" 
2, ptrel, up_statistic, 0, -2.4, 2.4, 50, 70, 0, 1, "0.91143763065338135" 
2, ptrel, up_statistic, 0, -2.4, 2.4, 70, 100, 0, 1, "0.95530319213867188" 
2, ptrel, up_statistic, 0, -2.4, 2.4, 100, 140, 0, 1, "0.99832773208618164" 
2, ptrel, up_statistic, 0, -2.4, 2.4, 140, 200, 0, 1, "0.92687749862670898" 
2, ptrel, up_statistic, 0, -2.4, 2.4, 200, 300, 0, 1, "1.0007387399673462" 
2, ptrel, up_statistic, 0, -2.4, 2.4, 300, 670, 0, 1, "1.1158812046051025" 
