MVA;OperatingPoint,measurementType,sysType,jetFlavor,etaMin,etaMax,ptMin,ptMax,discrMin,discrMax,formula
0,TnPL,central,0,-2.4,2.4,30.0,50.0,-1.0,1.0,"0.89918"
0,TnPL,down,0,-2.4,2.4,30.0,50.0,-1.0,1.0,"0.8317"
0,TnPL,up,0,-2.4,2.4,30.0,50.0,-1.0,1.0,"0.96665"
0,TnPL,down_statistic,0,-2.4,2.4,30.0,50.0,-1.0,1.0,"0.87728"
0,TnPL,up_statistic,0,-2.4,2.4,30.0,50.0,-1.0,1.0,"0.92108"
0,TnPL,down_met,0,-2.4,2.4,30.0,50.0,-1.0,1.0,"0.89203"
0,TnPL,up_met,0,-2.4,2.4,30.0,50.0,-1.0,1.0,"0.86578"
0,TnPL,down_jes,0,-2.4,2.4,30.0,50.0,-1.0,1.0,"0.94148"
0,TnPL,up_jes,0,-2.4,2.4,30.0,50.0,-1.0,1.0,"0.85467"
0,TnPL,down_backg,0,-2.4,2.4,30.0,50.0,-1.0,1.0,"0.9226"
0,TnPL,up_backg,0,-2.4,2.4,30.0,50.0,-1.0,1.0,"0.88943"
0,TnPL,down_jer,0,-2.4,2.4,30.0,50.0,-1.0,1.0,"0.91072"
0,TnPL,up_jer,0,-2.4,2.4,30.0,50.0,-1.0,1.0,"0.89362"
0,TnPL,down_pileup,0,-2.4,2.4,30.0,50.0,-1.0,1.0,"0.89203"
0,TnPL,up_pileup,0,-2.4,2.4,30.0,50.0,-1.0,1.0,"0.8831"
0,TnPL,down_topmass,0,-2.4,2.4,30.0,50.0,-1.0,1.0,"0.92123"
0,TnPL,up_topmass,0,-2.4,2.4,30.0,50.0,-1.0,1.0,"0.89018"
0,TnPL,down_fsr,0,-2.4,2.4,30.0,50.0,-1.0,1.0,"0.89441"
0,TnPL,up_fsr,0,-2.4,2.4,30.0,50.0,-1.0,1.0,"0.90731"
0,TnPL,down_isr,0,-2.4,2.4,30.0,50.0,-1.0,1.0,"0.93563"
0,TnPL,up_isr,0,-2.4,2.4,30.0,50.0,-1.0,1.0,"0.9096"
0,TnPL,central,0,-2.4,2.4,50.0,70.0,-1.0,1.0,"0.97299"
0,TnPL,down,0,-2.4,2.4,50.0,70.0,-1.0,1.0,"0.93989"
0,TnPL,up,0,-2.4,2.4,50.0,70.0,-1.0,1.0,"1.0061"
0,TnPL,down_statistic,0,-2.4,2.4,50.0,70.0,-1.0,1.0,"0.95648"
0,TnPL,up_statistic,0,-2.4,2.4,50.0,70.0,-1.0,1.0,"0.98949"
0,TnPL,down_met,0,-2.4,2.4,50.0,70.0,-1.0,1.0,"0.97172"
0,TnPL,up_met,0,-2.4,2.4,50.0,70.0,-1.0,1.0,"0.95829"
0,TnPL,down_jes,0,-2.4,2.4,50.0,70.0,-1.0,1.0,"0.98252"
0,TnPL,up_jes,0,-2.4,2.4,50.0,70.0,-1.0,1.0,"0.95929"
0,TnPL,down_backg,0,-2.4,2.4,50.0,70.0,-1.0,1.0,"0.97604"
0,TnPL,up_backg,0,-2.4,2.4,50.0,70.0,-1.0,1.0,"0.96967"
0,TnPL,down_jer,0,-2.4,2.4,50.0,70.0,-1.0,1.0,"0.97824"
0,TnPL,up_jer,0,-2.4,2.4,50.0,70.0,-1.0,1.0,"0.96613"
0,TnPL,down_pileup,0,-2.4,2.4,50.0,70.0,-1.0,1.0,"0.97172"
0,TnPL,up_pileup,0,-2.4,2.4,50.0,70.0,-1.0,1.0,"0.96513"
0,TnPL,down_topmass,0,-2.4,2.4,50.0,70.0,-1.0,1.0,"0.9829"
0,TnPL,up_topmass,0,-2.4,2.4,50.0,70.0,-1.0,1.0,"0.96429"
0,TnPL,down_fsr,0,-2.4,2.4,50.0,70.0,-1.0,1.0,"0.99086"
0,TnPL,up_fsr,0,-2.4,2.4,50.0,70.0,-1.0,1.0,"0.97524"
0,TnPL,down_isr,0,-2.4,2.4,50.0,70.0,-1.0,1.0,"0.98971"
0,TnPL,up_isr,0,-2.4,2.4,50.0,70.0,-1.0,1.0,"0.95839"
0,TnPL,central,0,-2.4,2.4,70.0,100.0,-1.0,1.0,"0.97192"
0,TnPL,down,0,-2.4,2.4,70.0,100.0,-1.0,1.0,"0.95089"
0,TnPL,up,0,-2.4,2.4,70.0,100.0,-1.0,1.0,"0.99294"
0,TnPL,down_statistic,0,-2.4,2.4,70.0,100.0,-1.0,1.0,"0.96221"
0,TnPL,up_statistic,0,-2.4,2.4,70.0,100.0,-1.0,1.0,"0.98162"
0,TnPL,down_met,0,-2.4,2.4,70.0,100.0,-1.0,1.0,"0.97189"
0,TnPL,up_met,0,-2.4,2.4,70.0,100.0,-1.0,1.0,"0.96874"
0,TnPL,down_jes,0,-2.4,2.4,70.0,100.0,-1.0,1.0,"0.97899"
0,TnPL,up_jes,0,-2.4,2.4,70.0,100.0,-1.0,1.0,"0.97053"
0,TnPL,down_backg,0,-2.4,2.4,70.0,100.0,-1.0,1.0,"0.97456"
0,TnPL,up_backg,0,-2.4,2.4,70.0,100.0,-1.0,1.0,"0.97323"
0,TnPL,down_jer,0,-2.4,2.4,70.0,100.0,-1.0,1.0,"0.9729"
0,TnPL,up_jer,0,-2.4,2.4,70.0,100.0,-1.0,1.0,"0.97287"
0,TnPL,down_pileup,0,-2.4,2.4,70.0,100.0,-1.0,1.0,"0.97189"
0,TnPL,up_pileup,0,-2.4,2.4,70.0,100.0,-1.0,1.0,"0.9701"
0,TnPL,down_topmass,0,-2.4,2.4,70.0,100.0,-1.0,1.0,"0.96685"
0,TnPL,up_topmass,0,-2.4,2.4,70.0,100.0,-1.0,1.0,"0.96687"
0,TnPL,down_fsr,0,-2.4,2.4,70.0,100.0,-1.0,1.0,"0.97397"
0,TnPL,up_fsr,0,-2.4,2.4,70.0,100.0,-1.0,1.0,"0.9928"
0,TnPL,down_isr,0,-2.4,2.4,70.0,100.0,-1.0,1.0,"0.96526"
0,TnPL,up_isr,0,-2.4,2.4,70.0,100.0,-1.0,1.0,"0.98109"
0,TnPL,central,0,-2.4,2.4,100.0,140.0,-1.0,1.0,"0.9873"
0,TnPL,down,0,-2.4,2.4,100.0,140.0,-1.0,1.0,"0.97785"
0,TnPL,up,0,-2.4,2.4,100.0,140.0,-1.0,1.0,"0.99676"
0,TnPL,down_statistic,0,-2.4,2.4,100.0,140.0,-1.0,1.0,"0.98019"
0,TnPL,up_statistic,0,-2.4,2.4,100.0,140.0,-1.0,1.0,"0.99442"
0,TnPL,down_met,0,-2.4,2.4,100.0,140.0,-1.0,1.0,"0.98612"
0,TnPL,up_met,0,-2.4,2.4,100.0,140.0,-1.0,1.0,"0.98854"
0,TnPL,down_jes,0,-2.4,2.4,100.0,140.0,-1.0,1.0,"0.98822"
0,TnPL,up_jes,0,-2.4,2.4,100.0,140.0,-1.0,1.0,"0.99047"
0,TnPL,down_backg,0,-2.4,2.4,100.0,140.0,-1.0,1.0,"0.98873"
0,TnPL,up_backg,0,-2.4,2.4,100.0,140.0,-1.0,1.0,"0.98892"
0,TnPL,down_jer,0,-2.4,2.4,100.0,140.0,-1.0,1.0,"0.98669"
0,TnPL,up_jer,0,-2.4,2.4,100.0,140.0,-1.0,1.0,"0.98837"
0,TnPL,down_pileup,0,-2.4,2.4,100.0,140.0,-1.0,1.0,"0.98612"
0,TnPL,up_pileup,0,-2.4,2.4,100.0,140.0,-1.0,1.0,"0.987"
0,TnPL,down_topmass,0,-2.4,2.4,100.0,140.0,-1.0,1.0,"0.99048"
0,TnPL,up_topmass,0,-2.4,2.4,100.0,140.0,-1.0,1.0,"0.98549"
0,TnPL,down_fsr,0,-2.4,2.4,100.0,140.0,-1.0,1.0,"0.98388"
0,TnPL,up_fsr,0,-2.4,2.4,100.0,140.0,-1.0,1.0,"0.98811"
0,TnPL,down_isr,0,-2.4,2.4,100.0,140.0,-1.0,1.0,"0.99237"
0,TnPL,up_isr,0,-2.4,2.4,100.0,140.0,-1.0,1.0,"0.98946"
0,TnPL,central,0,-2.4,2.4,140.0,200.0,-1.0,1.0,"0.98137"
0,TnPL,down,0,-2.4,2.4,140.0,200.0,-1.0,1.0,"0.96929"
0,TnPL,up,0,-2.4,2.4,140.0,200.0,-1.0,1.0,"0.99345"
0,TnPL,down_statistic,0,-2.4,2.4,140.0,200.0,-1.0,1.0,"0.97407"
0,TnPL,up_statistic,0,-2.4,2.4,140.0,200.0,-1.0,1.0,"0.98867"
0,TnPL,down_met,0,-2.4,2.4,140.0,200.0,-1.0,1.0,"0.98132"
0,TnPL,up_met,0,-2.4,2.4,140.0,200.0,-1.0,1.0,"0.98181"
0,TnPL,down_jes,0,-2.4,2.4,140.0,200.0,-1.0,1.0,"0.98043"
0,TnPL,up_jes,0,-2.4,2.4,140.0,200.0,-1.0,1.0,"0.97986"
0,TnPL,down_backg,0,-2.4,2.4,140.0,200.0,-1.0,1.0,"0.9806"
0,TnPL,up_backg,0,-2.4,2.4,140.0,200.0,-1.0,1.0,"0.9855"
0,TnPL,down_jer,0,-2.4,2.4,140.0,200.0,-1.0,1.0,"0.98047"
0,TnPL,up_jer,0,-2.4,2.4,140.0,200.0,-1.0,1.0,"0.98207"
0,TnPL,down_pileup,0,-2.4,2.4,140.0,200.0,-1.0,1.0,"0.98132"
0,TnPL,up_pileup,0,-2.4,2.4,140.0,200.0,-1.0,1.0,"0.98187"
0,TnPL,down_topmass,0,-2.4,2.4,140.0,200.0,-1.0,1.0,"0.9761"
0,TnPL,up_topmass,0,-2.4,2.4,140.0,200.0,-1.0,1.0,"0.98594"
0,TnPL,down_fsr,0,-2.4,2.4,140.0,200.0,-1.0,1.0,"0.97994"
0,TnPL,up_fsr,0,-2.4,2.4,140.0,200.0,-1.0,1.0,"0.98869"
0,TnPL,down_isr,0,-2.4,2.4,140.0,200.0,-1.0,1.0,"0.97497"
0,TnPL,up_isr,0,-2.4,2.4,140.0,200.0,-1.0,1.0,"0.97719"
0,TnPL,central,0,-2.4,2.4,200.0,300.0,-1.0,1.0,"1.0027"
0,TnPL,down,0,-2.4,2.4,200.0,300.0,-1.0,1.0,"0.98282"
0,TnPL,up,0,-2.4,2.4,200.0,300.0,-1.0,1.0,"1.0226"
0,TnPL,down_statistic,0,-2.4,2.4,200.0,300.0,-1.0,1.0,"0.99026"
0,TnPL,up_statistic,0,-2.4,2.4,200.0,300.0,-1.0,1.0,"1.0152"
0,TnPL,down_met,0,-2.4,2.4,200.0,300.0,-1.0,1.0,"1.0038"
0,TnPL,up_met,0,-2.4,2.4,200.0,300.0,-1.0,1.0,"1.0036"
0,TnPL,down_jes,0,-2.4,2.4,200.0,300.0,-1.0,1.0,"1.0085"
0,TnPL,up_jes,0,-2.4,2.4,200.0,300.0,-1.0,1.0,"1.0039"
0,TnPL,down_backg,0,-2.4,2.4,200.0,300.0,-1.0,1.0,"1.0042"
0,TnPL,up_backg,0,-2.4,2.4,200.0,300.0,-1.0,1.0,"1.0102"
0,TnPL,down_jer,0,-2.4,2.4,200.0,300.0,-1.0,1.0,"1.0019"
0,TnPL,up_jer,0,-2.4,2.4,200.0,300.0,-1.0,1.0,"1.0062"
0,TnPL,down_pileup,0,-2.4,2.4,200.0,300.0,-1.0,1.0,"1.0038"
0,TnPL,up_pileup,0,-2.4,2.4,200.0,300.0,-1.0,1.0,"1.0036"
0,TnPL,down_topmass,0,-2.4,2.4,200.0,300.0,-1.0,1.0,"1.0013"
0,TnPL,up_topmass,0,-2.4,2.4,200.0,300.0,-1.0,1.0,"1.0069"
0,TnPL,down_fsr,0,-2.4,2.4,200.0,300.0,-1.0,1.0,"1.0117"
0,TnPL,up_fsr,0,-2.4,2.4,200.0,300.0,-1.0,1.0,"0.98857"
0,TnPL,down_isr,0,-2.4,2.4,200.0,300.0,-1.0,1.0,"0.99687"
0,TnPL,up_isr,0,-2.4,2.4,200.0,300.0,-1.0,1.0,"0.99649"
1,TnPL,central,0,-2.4,2.4,30.0,50.0,-1.0,1.0,"0.87931"
1,TnPL,down,0,-2.4,2.4,30.0,50.0,-1.0,1.0,"0.80548"
1,TnPL,up,0,-2.4,2.4,30.0,50.0,-1.0,1.0,"0.95314"
1,TnPL,down_statistic,0,-2.4,2.4,30.0,50.0,-1.0,1.0,"0.8537"
1,TnPL,up_statistic,0,-2.4,2.4,30.0,50.0,-1.0,1.0,"0.90492"
1,TnPL,down_met,0,-2.4,2.4,30.0,50.0,-1.0,1.0,"0.87803"
1,TnPL,up_met,0,-2.4,2.4,30.0,50.0,-1.0,1.0,"0.85535"
1,TnPL,down_jes,0,-2.4,2.4,30.0,50.0,-1.0,1.0,"0.92327"
1,TnPL,up_jes,0,-2.4,2.4,30.0,50.0,-1.0,1.0,"0.82724"
1,TnPL,down_backg,0,-2.4,2.4,30.0,50.0,-1.0,1.0,"0.90709"
1,TnPL,up_backg,0,-2.4,2.4,30.0,50.0,-1.0,1.0,"0.86585"
1,TnPL,down_jer,0,-2.4,2.4,30.0,50.0,-1.0,1.0,"0.88961"
1,TnPL,up_jer,0,-2.4,2.4,30.0,50.0,-1.0,1.0,"0.87162"
1,TnPL,down_pileup,0,-2.4,2.4,30.0,50.0,-1.0,1.0,"0.87803"
1,TnPL,up_pileup,0,-2.4,2.4,30.0,50.0,-1.0,1.0,"0.85632"
1,TnPL,down_topmass,0,-2.4,2.4,30.0,50.0,-1.0,1.0,"0.89643"
1,TnPL,up_topmass,0,-2.4,2.4,30.0,50.0,-1.0,1.0,"0.86466"
1,TnPL,down_fsr,0,-2.4,2.4,30.0,50.0,-1.0,1.0,"0.87898"
1,TnPL,up_fsr,0,-2.4,2.4,30.0,50.0,-1.0,1.0,"0.87313"
1,TnPL,down_isr,0,-2.4,2.4,30.0,50.0,-1.0,1.0,"0.9182"
1,TnPL,up_isr,0,-2.4,2.4,30.0,50.0,-1.0,1.0,"0.90508"
1,TnPL,central,0,-2.4,2.4,50.0,70.0,-1.0,1.0,"0.94503"
1,TnPL,down,0,-2.4,2.4,50.0,70.0,-1.0,1.0,"0.91153"
1,TnPL,up,0,-2.4,2.4,50.0,70.0,-1.0,1.0,"0.97853"
1,TnPL,down_statistic,0,-2.4,2.4,50.0,70.0,-1.0,1.0,"0.92397"
1,TnPL,up_statistic,0,-2.4,2.4,50.0,70.0,-1.0,1.0,"0.96609"
1,TnPL,down_met,0,-2.4,2.4,50.0,70.0,-1.0,1.0,"0.94168"
1,TnPL,up_met,0,-2.4,2.4,50.0,70.0,-1.0,1.0,"0.92777"
1,TnPL,down_jes,0,-2.4,2.4,50.0,70.0,-1.0,1.0,"0.9522"
1,TnPL,up_jes,0,-2.4,2.4,50.0,70.0,-1.0,1.0,"0.93301"
1,TnPL,down_backg,0,-2.4,2.4,50.0,70.0,-1.0,1.0,"0.94714"
1,TnPL,up_backg,0,-2.4,2.4,50.0,70.0,-1.0,1.0,"0.94084"
1,TnPL,down_jer,0,-2.4,2.4,50.0,70.0,-1.0,1.0,"0.9483"
1,TnPL,up_jer,0,-2.4,2.4,50.0,70.0,-1.0,1.0,"0.93611"
1,TnPL,down_pileup,0,-2.4,2.4,50.0,70.0,-1.0,1.0,"0.94168"
1,TnPL,up_pileup,0,-2.4,2.4,50.0,70.0,-1.0,1.0,"0.93741"
1,TnPL,down_topmass,0,-2.4,2.4,50.0,70.0,-1.0,1.0,"0.9634"
1,TnPL,up_topmass,0,-2.4,2.4,50.0,70.0,-1.0,1.0,"0.93349"
1,TnPL,down_fsr,0,-2.4,2.4,50.0,70.0,-1.0,1.0,"0.95289"
1,TnPL,up_fsr,0,-2.4,2.4,50.0,70.0,-1.0,1.0,"0.95337"
1,TnPL,down_isr,0,-2.4,2.4,50.0,70.0,-1.0,1.0,"0.94562"
1,TnPL,up_isr,0,-2.4,2.4,50.0,70.0,-1.0,1.0,"0.93673"
1,TnPL,central,0,-2.4,2.4,70.0,100.0,-1.0,1.0,"0.95313"
1,TnPL,down,0,-2.4,2.4,70.0,100.0,-1.0,1.0,"0.92358"
1,TnPL,up,0,-2.4,2.4,70.0,100.0,-1.0,1.0,"0.98268"
1,TnPL,down_statistic,0,-2.4,2.4,70.0,100.0,-1.0,1.0,"0.93911"
1,TnPL,up_statistic,0,-2.4,2.4,70.0,100.0,-1.0,1.0,"0.96715"
1,TnPL,down_met,0,-2.4,2.4,70.0,100.0,-1.0,1.0,"0.95619"
1,TnPL,up_met,0,-2.4,2.4,70.0,100.0,-1.0,1.0,"0.95418"
1,TnPL,down_jes,0,-2.4,2.4,70.0,100.0,-1.0,1.0,"0.9604"
1,TnPL,up_jes,0,-2.4,2.4,70.0,100.0,-1.0,1.0,"0.95694"
1,TnPL,down_backg,0,-2.4,2.4,70.0,100.0,-1.0,1.0,"0.95631"
1,TnPL,up_backg,0,-2.4,2.4,70.0,100.0,-1.0,1.0,"0.95489"
1,TnPL,down_jer,0,-2.4,2.4,70.0,100.0,-1.0,1.0,"0.95468"
1,TnPL,up_jer,0,-2.4,2.4,70.0,100.0,-1.0,1.0,"0.95517"
1,TnPL,down_pileup,0,-2.4,2.4,70.0,100.0,-1.0,1.0,"0.95619"
1,TnPL,up_pileup,0,-2.4,2.4,70.0,100.0,-1.0,1.0,"0.95225"
1,TnPL,down_topmass,0,-2.4,2.4,70.0,100.0,-1.0,1.0,"0.94171"
1,TnPL,up_topmass,0,-2.4,2.4,70.0,100.0,-1.0,1.0,"0.94674"
1,TnPL,down_fsr,0,-2.4,2.4,70.0,100.0,-1.0,1.0,"0.95597"
1,TnPL,up_fsr,0,-2.4,2.4,70.0,100.0,-1.0,1.0,"0.97979"
1,TnPL,down_isr,0,-2.4,2.4,70.0,100.0,-1.0,1.0,"0.95779"
1,TnPL,up_isr,0,-2.4,2.4,70.0,100.0,-1.0,1.0,"0.97139"
1,TnPL,central,0,-2.4,2.4,100.0,140.0,-1.0,1.0,"0.99979"
1,TnPL,down,0,-2.4,2.4,100.0,140.0,-1.0,1.0,"0.974"
1,TnPL,up,0,-2.4,2.4,100.0,140.0,-1.0,1.0,"1.0256"
1,TnPL,down_statistic,0,-2.4,2.4,100.0,140.0,-1.0,1.0,"0.98877"
1,TnPL,up_statistic,0,-2.4,2.4,100.0,140.0,-1.0,1.0,"1.0108"
1,TnPL,down_met,0,-2.4,2.4,100.0,140.0,-1.0,1.0,"0.99732"
1,TnPL,up_met,0,-2.4,2.4,100.0,140.0,-1.0,1.0,"1.0019"
1,TnPL,down_jes,0,-2.4,2.4,100.0,140.0,-1.0,1.0,"0.99867"
1,TnPL,up_jes,0,-2.4,2.4,100.0,140.0,-1.0,1.0,"1.0097"
1,TnPL,down_backg,0,-2.4,2.4,100.0,140.0,-1.0,1.0,"1.0011"
1,TnPL,up_backg,0,-2.4,2.4,100.0,140.0,-1.0,1.0,"1.0007"
1,TnPL,down_jer,0,-2.4,2.4,100.0,140.0,-1.0,1.0,"0.99864"
1,TnPL,up_jer,0,-2.4,2.4,100.0,140.0,-1.0,1.0,"1.0013"
1,TnPL,down_pileup,0,-2.4,2.4,100.0,140.0,-1.0,1.0,"0.99732"
1,TnPL,up_pileup,0,-2.4,2.4,100.0,140.0,-1.0,1.0,"0.99922"
1,TnPL,down_topmass,0,-2.4,2.4,100.0,140.0,-1.0,1.0,"0.99782"
1,TnPL,up_topmass,0,-2.4,2.4,100.0,140.0,-1.0,1.0,"0.99519"
1,TnPL,down_fsr,0,-2.4,2.4,100.0,140.0,-1.0,1.0,"0.97408"
1,TnPL,up_fsr,0,-2.4,2.4,100.0,140.0,-1.0,1.0,"1.0147"
1,TnPL,down_isr,0,-2.4,2.4,100.0,140.0,-1.0,1.0,"1.006"
1,TnPL,up_isr,0,-2.4,2.4,100.0,140.0,-1.0,1.0,"0.99547"
1,TnPL,central,0,-2.4,2.4,140.0,200.0,-1.0,1.0,"0.97549"
1,TnPL,down,0,-2.4,2.4,140.0,200.0,-1.0,1.0,"0.95991"
1,TnPL,up,0,-2.4,2.4,140.0,200.0,-1.0,1.0,"0.99106"
1,TnPL,down_statistic,0,-2.4,2.4,140.0,200.0,-1.0,1.0,"0.9634"
1,TnPL,up_statistic,0,-2.4,2.4,140.0,200.0,-1.0,1.0,"0.98758"
1,TnPL,down_met,0,-2.4,2.4,140.0,200.0,-1.0,1.0,"0.97537"
1,TnPL,up_met,0,-2.4,2.4,140.0,200.0,-1.0,1.0,"0.97718"
1,TnPL,down_jes,0,-2.4,2.4,140.0,200.0,-1.0,1.0,"0.97327"
1,TnPL,up_jes,0,-2.4,2.4,140.0,200.0,-1.0,1.0,"0.97676"
1,TnPL,down_backg,0,-2.4,2.4,140.0,200.0,-1.0,1.0,"0.97485"
1,TnPL,up_backg,0,-2.4,2.4,140.0,200.0,-1.0,1.0,"0.97883"
1,TnPL,down_jer,0,-2.4,2.4,140.0,200.0,-1.0,1.0,"0.97344"
1,TnPL,up_jer,0,-2.4,2.4,140.0,200.0,-1.0,1.0,"0.97649"
1,TnPL,down_pileup,0,-2.4,2.4,140.0,200.0,-1.0,1.0,"0.97537"
1,TnPL,up_pileup,0,-2.4,2.4,140.0,200.0,-1.0,1.0,"0.97712"
1,TnPL,down_topmass,0,-2.4,2.4,140.0,200.0,-1.0,1.0,"0.97703"
1,TnPL,up_topmass,0,-2.4,2.4,140.0,200.0,-1.0,1.0,"0.9851"
1,TnPL,down_fsr,0,-2.4,2.4,140.0,200.0,-1.0,1.0,"0.96992"
1,TnPL,up_fsr,0,-2.4,2.4,140.0,200.0,-1.0,1.0,"0.97896"
1,TnPL,down_isr,0,-2.4,2.4,140.0,200.0,-1.0,1.0,"0.97209"
1,TnPL,up_isr,0,-2.4,2.4,140.0,200.0,-1.0,1.0,"0.97932"
1,TnPL,central,0,-2.4,2.4,200.0,300.0,-1.0,1.0,"0.99949"
1,TnPL,down,0,-2.4,2.4,200.0,300.0,-1.0,1.0,"0.94808"
1,TnPL,up,0,-2.4,2.4,200.0,300.0,-1.0,1.0,"1.0509"
1,TnPL,down_statistic,0,-2.4,2.4,200.0,300.0,-1.0,1.0,"0.9758"
1,TnPL,up_statistic,0,-2.4,2.4,200.0,300.0,-1.0,1.0,"1.0232"
1,TnPL,down_met,0,-2.4,2.4,200.0,300.0,-1.0,1.0,"0.99725"
1,TnPL,up_met,0,-2.4,2.4,200.0,300.0,-1.0,1.0,"0.98933"
1,TnPL,down_jes,0,-2.4,2.4,200.0,300.0,-1.0,1.0,"0.99505"
1,TnPL,up_jes,0,-2.4,2.4,200.0,300.0,-1.0,1.0,"0.99715"
1,TnPL,down_backg,0,-2.4,2.4,200.0,300.0,-1.0,1.0,"1.0054"
1,TnPL,up_backg,0,-2.4,2.4,200.0,300.0,-1.0,1.0,"1.011"
1,TnPL,down_jer,0,-2.4,2.4,200.0,300.0,-1.0,1.0,"0.99547"
1,TnPL,up_jer,0,-2.4,2.4,200.0,300.0,-1.0,1.0,"0.99865"
1,TnPL,down_pileup,0,-2.4,2.4,200.0,300.0,-1.0,1.0,"0.99725"
1,TnPL,up_pileup,0,-2.4,2.4,200.0,300.0,-1.0,1.0,"0.9984"
1,TnPL,down_topmass,0,-2.4,2.4,200.0,300.0,-1.0,1.0,"0.98126"
1,TnPL,up_topmass,0,-2.4,2.4,200.0,300.0,-1.0,1.0,"1.0005"
1,TnPL,down_fsr,0,-2.4,2.4,200.0,300.0,-1.0,1.0,"0.96714"
1,TnPL,up_fsr,0,-2.4,2.4,200.0,300.0,-1.0,1.0,"0.96638"
1,TnPL,down_isr,0,-2.4,2.4,200.0,300.0,-1.0,1.0,"0.97944"
1,TnPL,up_isr,0,-2.4,2.4,200.0,300.0,-1.0,1.0,"0.96848"
2,TnPL,central,0,-2.4,2.4,30.0,50.0,-1.0,1.0,"0.85196"
2,TnPL,down,0,-2.4,2.4,30.0,50.0,-1.0,1.0,"0.77771"
2,TnPL,up,0,-2.4,2.4,30.0,50.0,-1.0,1.0,"0.92622"
2,TnPL,down_statistic,0,-2.4,2.4,30.0,50.0,-1.0,1.0,"0.82275"
2,TnPL,up_statistic,0,-2.4,2.4,30.0,50.0,-1.0,1.0,"0.88118"
2,TnPL,down_met,0,-2.4,2.4,30.0,50.0,-1.0,1.0,"0.85286"
2,TnPL,up_met,0,-2.4,2.4,30.0,50.0,-1.0,1.0,"0.8286"
2,TnPL,down_jes,0,-2.4,2.4,30.0,50.0,-1.0,1.0,"0.89671"
2,TnPL,up_jes,0,-2.4,2.4,30.0,50.0,-1.0,1.0,"0.7995"
2,TnPL,down_backg,0,-2.4,2.4,30.0,50.0,-1.0,1.0,"0.88122"
2,TnPL,up_backg,0,-2.4,2.4,30.0,50.0,-1.0,1.0,"0.83685"
2,TnPL,down_jer,0,-2.4,2.4,30.0,50.0,-1.0,1.0,"0.86338"
2,TnPL,up_jer,0,-2.4,2.4,30.0,50.0,-1.0,1.0,"0.84445"
2,TnPL,down_pileup,0,-2.4,2.4,30.0,50.0,-1.0,1.0,"0.85286"
2,TnPL,up_pileup,0,-2.4,2.4,30.0,50.0,-1.0,1.0,"0.82571"
2,TnPL,down_topmass,0,-2.4,2.4,30.0,50.0,-1.0,1.0,"0.87815"
2,TnPL,up_topmass,0,-2.4,2.4,30.0,50.0,-1.0,1.0,"0.83265"
2,TnPL,down_fsr,0,-2.4,2.4,30.0,50.0,-1.0,1.0,"0.84358"
2,TnPL,up_fsr,0,-2.4,2.4,30.0,50.0,-1.0,1.0,"0.85949"
2,TnPL,down_isr,0,-2.4,2.4,30.0,50.0,-1.0,1.0,"0.87977"
2,TnPL,up_isr,0,-2.4,2.4,30.0,50.0,-1.0,1.0,"0.86196"
2,TnPL,central,0,-2.4,2.4,50.0,70.0,-1.0,1.0,"0.93599"
2,TnPL,down,0,-2.4,2.4,50.0,70.0,-1.0,1.0,"0.88771"
2,TnPL,up,0,-2.4,2.4,50.0,70.0,-1.0,1.0,"0.98427"
2,TnPL,down_statistic,0,-2.4,2.4,50.0,70.0,-1.0,1.0,"0.90933"
2,TnPL,up_statistic,0,-2.4,2.4,50.0,70.0,-1.0,1.0,"0.96265"
2,TnPL,down_met,0,-2.4,2.4,50.0,70.0,-1.0,1.0,"0.93291"
2,TnPL,up_met,0,-2.4,2.4,50.0,70.0,-1.0,1.0,"0.91804"
2,TnPL,down_jes,0,-2.4,2.4,50.0,70.0,-1.0,1.0,"0.93636"
2,TnPL,up_jes,0,-2.4,2.4,50.0,70.0,-1.0,1.0,"0.93347"
2,TnPL,down_backg,0,-2.4,2.4,50.0,70.0,-1.0,1.0,"0.93864"
2,TnPL,up_backg,0,-2.4,2.4,50.0,70.0,-1.0,1.0,"0.93027"
2,TnPL,down_jer,0,-2.4,2.4,50.0,70.0,-1.0,1.0,"0.94132"
2,TnPL,up_jer,0,-2.4,2.4,50.0,70.0,-1.0,1.0,"0.92706"
2,TnPL,down_pileup,0,-2.4,2.4,50.0,70.0,-1.0,1.0,"0.93291"
2,TnPL,up_pileup,0,-2.4,2.4,50.0,70.0,-1.0,1.0,"0.92828"
2,TnPL,down_topmass,0,-2.4,2.4,50.0,70.0,-1.0,1.0,"0.95458"
2,TnPL,up_topmass,0,-2.4,2.4,50.0,70.0,-1.0,1.0,"0.9224"
2,TnPL,down_fsr,0,-2.4,2.4,50.0,70.0,-1.0,1.0,"0.94316"
2,TnPL,up_fsr,0,-2.4,2.4,50.0,70.0,-1.0,1.0,"0.91141"
2,TnPL,down_isr,0,-2.4,2.4,50.0,70.0,-1.0,1.0,"0.92479"
2,TnPL,up_isr,0,-2.4,2.4,50.0,70.0,-1.0,1.0,"0.89893"
2,TnPL,central,0,-2.4,2.4,70.0,100.0,-1.0,1.0,"0.95336"
2,TnPL,down,0,-2.4,2.4,70.0,100.0,-1.0,1.0,"0.91987"
2,TnPL,up,0,-2.4,2.4,70.0,100.0,-1.0,1.0,"0.98685"
2,TnPL,down_statistic,0,-2.4,2.4,70.0,100.0,-1.0,1.0,"0.93253"
2,TnPL,up_statistic,0,-2.4,2.4,70.0,100.0,-1.0,1.0,"0.9742"
2,TnPL,down_met,0,-2.4,2.4,70.0,100.0,-1.0,1.0,"0.95182"
2,TnPL,up_met,0,-2.4,2.4,70.0,100.0,-1.0,1.0,"0.96203"
2,TnPL,down_jes,0,-2.4,2.4,70.0,100.0,-1.0,1.0,"0.95614"
2,TnPL,up_jes,0,-2.4,2.4,70.0,100.0,-1.0,1.0,"0.9708"
2,TnPL,down_backg,0,-2.4,2.4,70.0,100.0,-1.0,1.0,"0.9568"
2,TnPL,up_backg,0,-2.4,2.4,70.0,100.0,-1.0,1.0,"0.95456"
2,TnPL,down_jer,0,-2.4,2.4,70.0,100.0,-1.0,1.0,"0.954"
2,TnPL,up_jer,0,-2.4,2.4,70.0,100.0,-1.0,1.0,"0.95669"
2,TnPL,down_pileup,0,-2.4,2.4,70.0,100.0,-1.0,1.0,"0.95182"
2,TnPL,up_pileup,0,-2.4,2.4,70.0,100.0,-1.0,1.0,"0.95416"
2,TnPL,down_topmass,0,-2.4,2.4,70.0,100.0,-1.0,1.0,"0.93283"
2,TnPL,up_topmass,0,-2.4,2.4,70.0,100.0,-1.0,1.0,"0.94527"
2,TnPL,down_fsr,0,-2.4,2.4,70.0,100.0,-1.0,1.0,"0.94589"
2,TnPL,up_fsr,0,-2.4,2.4,70.0,100.0,-1.0,1.0,"0.96062"
2,TnPL,down_isr,0,-2.4,2.4,70.0,100.0,-1.0,1.0,"0.96569"
2,TnPL,up_isr,0,-2.4,2.4,70.0,100.0,-1.0,1.0,"0.96786"
2,TnPL,central,0,-2.4,2.4,100.0,140.0,-1.0,1.0,"0.98473"
2,TnPL,down,0,-2.4,2.4,100.0,140.0,-1.0,1.0,"0.94309"
2,TnPL,up,0,-2.4,2.4,100.0,140.0,-1.0,1.0,"1.0264"
2,TnPL,down_statistic,0,-2.4,2.4,100.0,140.0,-1.0,1.0,"0.96821"
2,TnPL,up_statistic,0,-2.4,2.4,100.0,140.0,-1.0,1.0,"1.0012"
2,TnPL,down_met,0,-2.4,2.4,100.0,140.0,-1.0,1.0,"0.9833"
2,TnPL,up_met,0,-2.4,2.4,100.0,140.0,-1.0,1.0,"0.98826"
2,TnPL,down_jes,0,-2.4,2.4,100.0,140.0,-1.0,1.0,"0.98416"
2,TnPL,up_jes,0,-2.4,2.4,100.0,140.0,-1.0,1.0,"0.99673"
2,TnPL,down_backg,0,-2.4,2.4,100.0,140.0,-1.0,1.0,"0.98792"
2,TnPL,up_backg,0,-2.4,2.4,100.0,140.0,-1.0,1.0,"0.98351"
2,TnPL,down_jer,0,-2.4,2.4,100.0,140.0,-1.0,1.0,"0.9833"
2,TnPL,up_jer,0,-2.4,2.4,100.0,140.0,-1.0,1.0,"0.98662"
2,TnPL,down_pileup,0,-2.4,2.4,100.0,140.0,-1.0,1.0,"0.9833"
2,TnPL,up_pileup,0,-2.4,2.4,100.0,140.0,-1.0,1.0,"0.98573"
2,TnPL,down_topmass,0,-2.4,2.4,100.0,140.0,-1.0,1.0,"0.97699"
2,TnPL,up_topmass,0,-2.4,2.4,100.0,140.0,-1.0,1.0,"0.98345"
2,TnPL,down_fsr,0,-2.4,2.4,100.0,140.0,-1.0,1.0,"0.95383"
2,TnPL,up_fsr,0,-2.4,2.4,100.0,140.0,-1.0,1.0,"1.0176"
2,TnPL,down_isr,0,-2.4,2.4,100.0,140.0,-1.0,1.0,"1.0039"
2,TnPL,up_isr,0,-2.4,2.4,100.0,140.0,-1.0,1.0,"0.96809"
2,TnPL,central,0,-2.4,2.4,140.0,200.0,-1.0,1.0,"0.99041"
2,TnPL,down,0,-2.4,2.4,140.0,200.0,-1.0,1.0,"0.95994"
2,TnPL,up,0,-2.4,2.4,140.0,200.0,-1.0,1.0,"1.0209"
2,TnPL,down_statistic,0,-2.4,2.4,140.0,200.0,-1.0,1.0,"0.97184"
2,TnPL,up_statistic,0,-2.4,2.4,140.0,200.0,-1.0,1.0,"1.009"
2,TnPL,down_met,0,-2.4,2.4,140.0,200.0,-1.0,1.0,"0.99368"
2,TnPL,up_met,0,-2.4,2.4,140.0,200.0,-1.0,1.0,"0.99231"
2,TnPL,down_jes,0,-2.4,2.4,140.0,200.0,-1.0,1.0,"0.98887"
2,TnPL,up_jes,0,-2.4,2.4,140.0,200.0,-1.0,1.0,"0.9861"
2,TnPL,down_backg,0,-2.4,2.4,140.0,200.0,-1.0,1.0,"0.99312"
2,TnPL,up_backg,0,-2.4,2.4,140.0,200.0,-1.0,1.0,"0.9944"
2,TnPL,down_jer,0,-2.4,2.4,140.0,200.0,-1.0,1.0,"0.98584"
2,TnPL,up_jer,0,-2.4,2.4,140.0,200.0,-1.0,1.0,"0.99043"
2,TnPL,down_pileup,0,-2.4,2.4,140.0,200.0,-1.0,1.0,"0.9938"
2,TnPL,up_pileup,0,-2.4,2.4,140.0,200.0,-1.0,1.0,"0.99083"
2,TnPL,down_topmass,0,-2.4,2.4,140.0,200.0,-1.0,1.0,"0.99962"
2,TnPL,up_topmass,0,-2.4,2.4,140.0,200.0,-1.0,1.0,"1.0022"
2,TnPL,down_fsr,0,-2.4,2.4,140.0,200.0,-1.0,1.0,"0.98065"
2,TnPL,up_fsr,0,-2.4,2.4,140.0,200.0,-1.0,1.0,"1.0113"
2,TnPL,down_isr,0,-2.4,2.4,140.0,200.0,-1.0,1.0,"0.99133"
2,TnPL,up_isr,0,-2.4,2.4,140.0,200.0,-1.0,1.0,"0.97257"
2,TnPL,central,0,-2.4,2.4,200.0,300.0,-1.0,1.0,"0.99885"
2,TnPL,down,0,-2.4,2.4,200.0,300.0,-1.0,1.0,"0.90918"
2,TnPL,up,0,-2.4,2.4,200.0,300.0,-1.0,1.0,"1.0885"
2,TnPL,down_statistic,0,-2.4,2.4,200.0,300.0,-1.0,1.0,"0.95964"
2,TnPL,up_statistic,0,-2.4,2.4,200.0,300.0,-1.0,1.0,"1.0381"
2,TnPL,down_met,0,-2.4,2.4,200.0,300.0,-1.0,1.0,"0.9833"
2,TnPL,up_met,0,-2.4,2.4,200.0,300.0,-1.0,1.0,"0.9872"
2,TnPL,down_jes,0,-2.4,2.4,200.0,300.0,-1.0,1.0,"0.9769"
2,TnPL,up_jes,0,-2.4,2.4,200.0,300.0,-1.0,1.0,"0.993"
2,TnPL,down_backg,0,-2.4,2.4,200.0,300.0,-1.0,1.0,"1.006"
2,TnPL,up_backg,0,-2.4,2.4,200.0,300.0,-1.0,1.0,"1.0099"
2,TnPL,down_jer,0,-2.4,2.4,200.0,300.0,-1.0,1.0,"0.98895"
2,TnPL,up_jer,0,-2.4,2.4,200.0,300.0,-1.0,1.0,"0.98717"
2,TnPL,down_pileup,0,-2.4,2.4,200.0,300.0,-1.0,1.0,"0.9833"
2,TnPL,up_pileup,0,-2.4,2.4,200.0,300.0,-1.0,1.0,"0.99476"
2,TnPL,down_topmass,0,-2.4,2.4,200.0,300.0,-1.0,1.0,"0.98638"
2,TnPL,up_topmass,0,-2.4,2.4,200.0,300.0,-1.0,1.0,"0.99488"
2,TnPL,down_fsr,0,-2.4,2.4,200.0,300.0,-1.0,1.0,"0.91842"
2,TnPL,up_fsr,0,-2.4,2.4,200.0,300.0,-1.0,1.0,"0.97106"
2,TnPL,down_isr,0,-2.4,2.4,200.0,300.0,-1.0,1.0,"0.97004"
2,TnPL,up_isr,0,-2.4,2.4,200.0,300.0,-1.0,1.0,"0.94224"
